seq_id,sequence,length,source_db,family_tag,description,entry_name,organism,gene_names,cluster_name,entry_type,member_count,organism_count,representative_accession,seed_id,uniref90_id,uniparc_id
UniRef50_A0A016SF97,MFVKLLLAVSLLSAAYADTCIHCICLHESGCKPIGCNMDVGSLSCGYYQIKLPYYEDCGTPGRKSGEDLTTAWKRCANDYNCSTQCVNAYVNRYKGGCSSTGEGACQVMSRLHNGGPAGCKNTNTVGYWNAIKKCCGCS,139,UniRef50,lysozyme_uniref50_broad,lysozyme,A0A016SF97_9BILA,Ancylostoma ceylanicum,,Cluster: lysozyme,UniRef50,17,7,A0A016SF97,A0A915NI43,UniRef90_A0A016SF97,UPI0004394B0E
UniRef50_A0A016TD34,MFIEFAPQLNSSVMQRIKNGQEDPPPFDVGGNPIWYALATRKAQLVIRVLPLTTGGLVPTVYMTPHPRSAKNGSQQFNELYNGLVNICHITIRRVWIEVPTSSNWPADSSKNVAFLNDIVTAAKKQSISFQIGIFTNQFDWDHITFGAKELSKGLKLWYWKSPAGSRTPPNFDDFRPFSSWTAPDAKQFATKVSECGIIVNRNVYKA,207,UniRef50,lysozyme_uniref50_broad,Lysozyme,A0A016TD34_9BILA,Ancylostoma ceylanicum,,Cluster: Lysozyme,UniRef50,1,1,A0A016TD34,A0A016TD34,UniRef90_A0A016TD34,UPI0004388BFC
UniRef50_A0A016TZS3,MHTNFVLLSVLAGSLATLAFPRRAKTIETSCASAIDVAVPVSLDSFKCMKNHGYSTAFVRGYAMSEFDTNVINNIRNADLAGLGTEVFMTPQIRSDKKGSQQFEELYEGLKEDNIKVKTVWLQVTSPIDWNPSSRKNIDFINDITKTAKDYGVMIGIYTNAYDWSQITKDATVSGGMLWYWNVDGVGATGETPANFDDFRPFGNFMRPTVKQFGQKENICGVTVNRNVYLFNEPKHFLASAANAMEGYPSGYTWQCLAWRS,261,UniRef50,lysozyme_uniref50_broad,Lysozyme,A0A016TZS3_9BILA,Ancylostoma ceylanicum,,Cluster: Lysozyme,UniRef50,11,5,A0A016TZS3,A0AA36MCR8,UniRef90_A0A016TZS3,UPI00043A1D0A
UniRef50_A0A017HBD8,MQISDRGLLEICEHEGIVPAPYYDSVGVLTYGIGHTKNAGGVDPADLPRGMPNDLDAAIDRAIEVFRADIARYEARVNAAIKVPLPQHQFDALGSFDLNTGGIYRAILTRQINAGDPKASEHFFGWLRPPEIRKRRTAEKRLFDTGDYDWNGDEIAVWRVDTRGRLHGVLKTITGTELLARMQRPALAPDTSGLGAETSEDLIAQIHALTSAHLARPTA,219,UniRef50,lysozyme_uniref50_broad,Lysozyme,A0A017HBD8_9RHOB,Limimaricola hongkongensis DSM 17492,,Cluster: Lysozyme,UniRef50,8,8,A0A017HBD8,A0A8J3H179,UniRef90_A0A017HBD8,UPI000367A624
UniRef50_A0A022PFR1,MEMTKEHITLTFGGSVITLNADGVLINGSKIGLNNGSGQSSVVPPATITKSPSTDTAPIILPSTSQEGKKPSVPVNSPITATPTSQSLQPKSSAISGDNEKSISQDGLNLLKEIEVLRLKPYNDQTGKNIDNWTEGATIGYGKLISKSEWDTYKNGITEDEAEQLFKDTLAPYEKAVNDGITKEIKQNESDALVLLSYNIGIGGFKKSSVVKMINDENAKTGYDSIDDAWKVWNKSQGKVNQGLINRRAAELKIFNSGVYEKW,263,UniRef50,lysozyme_uniref50_broad,Lysozyme,A0A022PFR1_9GAMM,Photorhabdus aegyptia,,Cluster: Lysozyme,UniRef50,7,5,A0A022PFR1,UPI001E579057,UniRef90_A0A022PFR1,UPI0004490ECD
UniRef50_A0A023BUL3,MKKITIQLFTLSLVLFSCATDKNNLCTSENQRLETDPSILGMDVSHFQGDIKWNDIKKDGVNFVYIKASEGDDFKDPMFKTNRAAAKSKCIYRGAYHFYQTGYDPTKQAQNFIAAVDTLEPGDLPPVLDLEELGIQAPVTKKEYQKNTLLWLQTVEKEWGVTPIIYSNFYFGVKYLDHPDFAKYKLWIAAYTKEDPKVPNTWKSEGWTIWQRTDLKNLKGIKGDVDYDLFHGNAEAFRKLLKK,243,UniRef50,lysozyme_uniref50_broad,Lysozyme,A0A023BUL3_9FLAO,Aquimarina atlantica,,Cluster: Lysozyme,UniRef50,27,22,A0A023BUL3,UPI00346246E2,UniRef90_A0A023BUL3,UPI0004497903
UniRef50_A0A059E111,MGAFCMAGNMRTSDTGVELIKSFEGFRARASRLPDGKWLIGYGHTETARAGLKVSPFDAELILRYRDLKRIEDHLAQQVFTPLAQNEFDSLVSFAFNIGLKAFDASDVLAHLNSGDRILASEAMSSWRRGRVDGQIRVIDGLVRRRAVEVAMFLDTPRQRVAIPSALVRPERDGLSGLNLSREGSVVLESRPEAERARSTPERESAPETAARAVAQRLTRILGENGSLASGETGIEPSGDSTVDEITRAVSALAGPEGNGDHPPPASMSERRRAHRPQEPEDELQVSTRQIVVDDLAKVHVDTSRRTTPAQEEVADFAPPYNLRWVPFALLAGLGTIGLYEGLRRIVTGSASRIGETATQGYSGPLLTLGGGFLLFVSVYYLYRMLARED,390,UniRef50,lysozyme_uniref50_broad,Lysozyme,A0A059E111_9PROT,Hyphomonas atlantica,,Cluster: Lysozyme,UniRef50,39,19,A0A059E111,UPI0009FBA4AC,UniRef90_A0A059E111,UPI000458AA2E
UniRef50_A0A067R3S2,MYRLLALVVAVLLVTPHASLAKKFTRCGLAKELKKHGIKDLRNWVCLAESESGLNSNVVGSVNRDGSLDNGIFQINNRYWCKNGRKGGDCNIKCEDLKNDNIADDIGCAKKIYKRHGFNAWYGWRSKCQSGLPDLSKCRI,140,UniRef50,lysozyme_uniref50_broad,lysozyme,A0A067R3S2_ZOONE,Zootermopsis nevadensis (Dampwood termite),,Cluster: lysozyme,UniRef50,1,1,A0A067R3S2,A0A067R3S2,UniRef90_A0A067R3S2,UPI00049B71FE
UniRef50_A0A067RI85,MCLAVLLLAAVSLVRGQSPPAVSELCMGCLCEANTNCDRSFRCEEGECGLFRISVPYWKDAGSPVIKDDNATDDGAFQRCVLDPYCAARTVQGYMTRFHKDCNGDKAVDCQDFAMLHYLGAGCEGDPDEGFGQFRAALNECLAEVMKLPGSSGRM,155,UniRef50,lysozyme_uniref50_broad,lysozyme,A0A067RI85_ZOONE,Zootermopsis nevadensis (Dampwood termite),,Cluster: lysozyme,UniRef50,6,5,A0A067RI85,UPI0037E7CE3E,UniRef90_A0A067RI85,UPI00049C0BB6
UniRef50_A0A069D2G3,MNAQSADSLLRADLFRRCKTFRAFGRDSLLLATLAYNMGESRVLKSRLAQKLKAGYRDVYHDYITFRLINGKVSSQLEKRRKEEFNLLYNE,91,UniRef50,lysozyme_uniref50_broad,Lysozyme,A0A069D2G3_9BACE,Bacteroides graminisolvens DSM 19988 = JCM 15093,,Cluster: Lysozyme,UniRef50,4,3,A0A069D2G3,UPI000468CC81,UniRef90_A0A069D2G3,UPI0004AC2040
UniRef50_A0A075UU71,MIDPEGEHGVTLSHRETVTDWAAVRGADIRFASVTVTENTNWRDAAAERNLAGAQHVGIHTGARHYARPGAVHDQAEHFVRTASALGAFAPGSLAPALEVEAPSVDDRFIKAWIKHVRQAARVERVLVYAGLDCWTNRLRPDKWADSEVVLWLVRHNEIPGRPGWFHSRLGLHQHGFGAGLPGVDGPIAQDAVVYPFKLTDVLL,204,UniRef50,lysozyme_uniref50_broad,Lysozyme,A0A075UU71_9PSEU,Amycolatopsis japonica,,Cluster: Lysozyme,UniRef50,226,185,A0A075UU71,A0A6N7Z5L3,UniRef90_A0A075UU71,UPI0004DB992B
UniRef50_A0A077NZ66,MPLTEPQIAGIASFCPYNIGPGKCFSSTFYRKLNAGDKKGACAEIKRWVFDGGRDCRQTKGQANGCYGQVERRAQESELTCWGLDE,86,UniRef50,lysozyme_uniref50_broad,Lysozyme,A0A077NZ66_XENBV,Xenorhabdus bovienii str. oregonense,,Cluster: Lysozyme,UniRef50,33,9,A0A077NZ66,UPI001D196C4E,UniRef90_A0A077NZ66,UPI0004D70687
UniRef50_A0A077PLD6,MTRIDGVPVRQGMKLTPNQCSGLNVKEAEQAIVWVRRNVKVPLTEPQIAGIASFCPYNIGPGKCFSSTFYRKLNAGDKKGACAEIKRWIFDGGRDCRQTKGQTNGCYGQVERRAQESELTCWGLDE,126,UniRef50,lysozyme_uniref50_broad,Lysozyme,A0A077PLD6_XENBV,Xenorhabdus bovienii str. kraussei Quebec,,Cluster: Lysozyme,UniRef50,17,9,A0A077PLD6,UPI003CF11EB8,UniRef90_A0A077PLD6,UPI0004DA2725
UniRef50_A0A081NGH9,MKISDVGLDHLIKLEGGIQLTRYNDLGKNSGHCTIGVGHLIHKGVCNGIVPSEKPFLKGITVKRAKELLRKDILIAESTIKGSVTSTLNQNQYDALVSFVFNIGGPQFRNSTLLKYLNSKQSNKASDEFLKWNKMTIGGRKIEVKGLTNRRIAEKHLFDMEVK,163,UniRef50,lysozyme_uniref50_broad,Lysozyme,A0A081NGH9_9GAMM,Endozoicomonas numazuensis,,Cluster: Lysozyme,UniRef50,3,3,A0A081NGH9,A0A081NGH9,UniRef90_A0A081NGH9,UPI0004D61225
UniRef50_A0A084R326,MVLFSKATLAVLLGAVASTVSAQCSPPTTNSATVSLIQEFEGWSSTIYLDPSGYPTVGYGHLCANSRCTDVPYPIPLSTANGNLLLQSDMLVARRCIAQDVNVRLNANQYGALVSWAFNVGCGASGSSTLVRRLNAGENPNTVAAEELPRWVNSGGVQLPGLVRRRNAEVALFRTATSTGALPAAGC,187,UniRef50,lysozyme_uniref50_broad,Lysozyme,A0A084R326_STAC4,Stachybotrys chlorohalonatus (strain IBT 40285),,Cluster: Lysozyme,UniRef50,20,16,A0A084R326,A0AAD6UK95,UniRef90_A0A084R326,UPI0004DBE9F5
UniRef50_A0A084WGG2,MSVIASAEDEIKNPGRQDDGMGKLVRVSVFSRPGWQSNGRKVYGRAVCSRETRFVISPLHIAGEKRELQRIAPVTWIIFHSHEIALVAYCFTIAYLGRDKLCREKALKQSAFKPAGKAILATDTCLDRHQREANVIYILCPSAFSYTAWPQACCFYYELVCSTSTRRSRRHLEPAFTRCLNFNFNFQCHLRSTPRQSEP,199,UniRef50,lysozyme_uniref50_broad,Lysozyme,A0A084WGG2_ANOSI,Anopheles sinensis (Mosquito),,Cluster: Lysozyme,UniRef50,1,1,A0A084WGG2,A0A084WGG2,UniRef90_A0A084WGG2,UPI0004DC470F
UniRef50_A0A086A2G0,MKTSQKGIQLIISFEGFSGKPYLDSAGIPTIGYGNTYYPGGKKVTMNDPAISKEKGAELFSSVLPTYEKIVNAKVKAALTQNQFDALVSHTYNTGGSDTLFSLINKKAGESEIRNWFTTKYITAGGKTLNGLIRRRKAEADLFFSK,146,UniRef50,lysozyme_uniref50_broad,Lysozyme,A0A086A2G0_9FLAO,Chryseobacterium soli,,Cluster: Lysozyme,UniRef50,184,93,A0A086A2G0,A0A432DSU3,UniRef90_A0A086A2G0,UPI0004E6C7DE
UniRef50_A0A086Y4K7,MHMTDRGLLALVRHEGLVPGPYLDVKNIWTFGIGHTAAAGPPDPARLPRGMPADLDAGIREAFRVFRTDLAAYEAEVLRAVKVPLEPHEFDALVSFHYNTGGIAKASLTRHLNAGNRAAAAPCLSAGEYRGR,132,UniRef50,lysozyme_uniref50_broad,Lysozyme,A0A086Y4K7_9RHOB,Haematobacter massiliensis,,Cluster: Lysozyme,UniRef50,2,1,A0A086Y4K7,A0A086Y4K7,UniRef90_A0A086Y4K7,UPI0004E980C8
UniRef50_A0A090V1M7,MKISSNGLAVMKHFEDCELEAYPDPGSALGKACTARKLPMRDYRLIPDWQKLSGSPWTIGWGHTGREVKPGLVWHQAQADRVLLDDLARFEAGVDKLVTISLKQGQFDALVSFSYNVGLEALKNSTLLEMVNNKRHDQALAQFARWNKSGGRVLKGLVRRRAAESWLWRDASGAEAIRKGVAAA,184,UniRef50,lysozyme_uniref50_broad,Lysozyme,A0A090V1M7_PSEVU,Pseudescherichia vulneris NBRC 102420,,Cluster: Lysozyme,UniRef50,32,21,A0A090V1M7,A0A969WB15,UniRef90_A0A090V1M7,UPI0005049335
UniRef50_A0A090V3N0,MELKERLKIYEGTKEYQAKFKYFRDGKFYPYADSLGKMTVGYGHLIKQGEDYSKGLTEEEADKLLSKDLANAVLQVQSLGIDVPSDWNDFLILMTFQLGINGVKNFKKMIAALNEKNYREAVLQAQDSKWNAQTPFRVRDMVSHLINK,148,UniRef50,lysozyme_uniref50_broad,Lysozyme,A0A090V3N0_PSEVU,Pseudescherichia vulneris NBRC 102420,,Cluster: Lysozyme,UniRef50,26,10,A0A090V3N0,UPI001BACFC1C,UniRef90_A0A090V3N0,UPI0004FF8FB4
