seq_id,sequence,length,description,source_db,family_tag,sol_logit,sol_prob,therm_score
P79294,MKVLVILGLVLLSVMVQGKVFERCELARTLKRLGMDGYRGISLANWMCLAKWESDYNTRATNYNPGDQSTDYGIFQINSHYWCNNGRTPGAVNACHISCNALLQDDITQAVACAKRVVRDPQGIRAWVAWKAHCQNRDVSQYVQGCGV,148,"Lysozyme C (EC 3.2.1.17) (1,4-beta-N-acetylmuramidase C)",UniProtKB/Swiss-Prot,lysozyme_general,0.17256603,0.5430348,58.704247
P79687,MKAVIILGLVLLSVTVQGKIFERCELARTLKRLGLDGYRGISLANWVCLAKWESDYNTQATNYNPGDQSTDYGIFQINSHYWCNNGKTPGAVNACRISCNALLQDNIADAVTCAKRVVRDPQGIRAWVAWRNHCQNRDVSQYVQGCGV,148,"Lysozyme C (EC 3.2.1.17) (1,4-beta-N-acetylmuramidase C)",UniProtKB/Swiss-Prot,lysozyme_general,-0.20040837,0.45006493,58.625137
P61626,MKALIVLGLVLLSVTVQGKVFERCELARTLKRLGMDGYRGISLANWMCLAKWESGYNTRATNYNAGDRSTDYGIFQINSRYWCNDGKTPGAVNACHLSCSALLQDNIADAVACAKRVVRDPQGIRAWVAWRNRCQNRDVRQYVQGCGV,148,"Lysozyme C (EC 3.2.1.17) (1,4-beta-N-acetylmuramidase C)",UniProtKB/Swiss-Prot,lysozyme_general,-0.91687405,0.28559527,58.61222
P79268,MKVLILLGLVLLSVMVQGKVFERCELARTLKRLGLDGYRGISLANWMCLAKWESDYNTRATNYNPGDQSTDYGIFQINSHYWCNNGRTPGAVNACHISCNALLQDDITEAVACAKRVVRDPQGIRAWVAWKAHCQNRDVSQYIQGCGV,148,"Lysozyme C (EC 3.2.1.17) (1,4-beta-N-acetylmuramidase C)",UniProtKB/Swiss-Prot,lysozyme_general,-0.14838782,0.46297097,58.57531
P79158,MKVLIILGLVLLSVMVQGKVFERCELARTLKRFGLDGYRGISLANWMCLAKWESDYNTRATNYNPGDQSTDYGIFQINSHYWCNNGRTPGAVNACHISCNALLQDDITEAVACAKRVVRDPQGIRAWVAWKAHCQNRDVSQYVQGCGV,148,"Lysozyme C (EC 3.2.1.17) (1,4-beta-N-acetylmuramidase C)",UniProtKB/Swiss-Prot,lysozyme_general,-0.25037757,0.43773055,58.569923
Q659U5,MKALLLLGLLLLSVTVQGKIFERCDLARTLKRLGLAGFKGVSLANWMCLAKWESNYNTKATNYNPGSRSTDYGIFQINSRYWCNDGKTPRAVNACHIPCSDLLKDDITQAVACAKRVVSDPNGIRAWVAWRAHCENQDVSQYVRNCGV,148,"Lysozyme C (EC 3.2.1.17) (1,4-beta-N-acetylmuramidase C)",UniProtKB/Swiss-Prot,lysozyme_general,2.2022386,0.90045035,58.535477
P61634,MKAVIILGLVLLSVTVQGKIFERCELARTLKRLGLDGYRGISLANWVCLAKWESGYNTQATNYNPGDQSTDYGIFQINSHYWCNNGKTPGAVNACHISCNALLQDNIADAVTCAKRVVRDPQGIRAWVAWRNHCQNRDVSQYVQGCGV,148,"Lysozyme C (EC 3.2.1.17) (1,4-beta-N-acetylmuramidase C)",UniProtKB/Swiss-Prot,lysozyme_general,-0.60296047,0.3536667,58.449863
P79179,MKALIVLGLVLLSVMVQGKVFERCELARTLKRLGMDGYRGISLANWMCLAKWESGYNTRATNYNAGDRSTDYGIFQINSRYWCNDGKTPGAVNACHLSCSALLQDNIADAVACAKRVVRDPQGIRAWVAWRNRCQNRDVRQYVQGCGV,148,"Lysozyme C (EC 3.2.1.17) (1,4-beta-N-acetylmuramidase C)",UniProtKB/Swiss-Prot,lysozyme_general,-0.77123153,0.31621277,58.38779
P61629,MKAVIILGLVLLSVTVQGKIFERCELARTLKRLGLDGYRGISLANWVCLAKWESDYNTQATNYNPGDQSTDYGIFQINSHYWCNNGKTPGAVNACHISCNALLQDNIADAVTCAKRVVSDPQGIRAWVAWRNHCQNRDVSQYVQGCGV,148,"Lysozyme C (EC 3.2.1.17) (1,4-beta-N-acetylmuramidase C)",UniProtKB/Swiss-Prot,lysozyme_general,-0.01303282,0.4967418,58.382366
P79180,MKALIILGLVLLSVMVQAKVFERCELARTLKRLGMDGYRGISLANWMCLAKWESGYNTRATNYNPGDRSTDYGIFQINSRYWCNDGKTPGAVNACHLSCNALLQDNIADAVACAKRVVRDPQGIRAWVAWRNRCQNRDLRQYIQGCGV,148,"Lysozyme C (EC 3.2.1.17) (1,4-beta-N-acetylmuramidase C)",UniProtKB/Swiss-Prot,lysozyme_general,-0.84820735,0.29980904,58.23861
P61631,MKALIILGLVLLSVTVQGKIFERCELARTLKKLGLDGYKGVSLANWVCLAKWESGYNTDATNYNPGDESTDYGIFQINSRYWCNNGKTPGAVNACHISCNALLQNNIADAVACAKRVVSDPQGIRAWVAWKKHCQNRDVSQYVEGCGV,148,"Lysozyme C (EC 3.2.1.17) (1,4-beta-N-acetylmuramidase C)",UniProtKB/Swiss-Prot,lysozyme_general,1.8148905,0.8599519,58.10547
P79806,MKAVIILGLVLLSVTVQGKIFERCELARTLKRLGLDGYRGISLANWVCLAKWESDYNTQATNYNPGDQSTDYGIFQINSHYWCNNGKTPGAVNACHISCNALLQDNIADAVTCAKRVVRDPQGIRAWVAWRNHCHNRDVSQYVQGCGV,148,"Lysozyme C (EC 3.2.1.17) (1,4-beta-N-acetylmuramidase C)",UniProtKB/Swiss-Prot,lysozyme_general,-0.9574894,0.27738115,58.050926
P79239,MKALIILGLVLLSVTVQSKVFERCELARTLKRLGMDGYRGISLANWMCLAKWESGYNTRATNYNPGDRSTDYGIFQINSRYWCNDGKTPGAVNACHLSCSALLQDNIADAVACAKRVVRDPQGIRAWVAWRNRCQNRDVRQYVQGCGV,148,"Lysozyme C (EC 3.2.1.17) (1,4-beta-N-acetylmuramidase C)",UniProtKB/Swiss-Prot,lysozyme_general,-0.65532124,0.3417914,58.027054
P67980,MRALIILGLVLLSVTVQGKIFERCELARTLKKLGLDGYKGVSLANWVCLAKWESGYNTEATNYNPGDESTDYGIFQINSRYWCNNGKTPGAVDACHISCSALLQNNIADAVACAKRVVSDPQGIRAWVAWRNHCQNKDVSQYVKGCGV,148,"Lysozyme C (EC 3.2.1.17) (1,4-beta-N-acetylmuramidase C)",UniProtKB/Swiss-Prot,lysozyme_general,1.8185846,0.86039615,58.021416
P79847,MKALIILGLVLLSVTVQGKIFERCELARTLKKLGLDGYKGVSLANWVCLAKWESGYNTEATNYNPGDESTDYGIFQINSRYWCNNGKTPGAVDACHISCSALLQNNIADAVACAKRVVSDPQGVRAWVAWRNHCQNKDVSQYVKGCGV,148,"Lysozyme C (EC 3.2.1.17) (1,4-beta-N-acetylmuramidase C)",UniProtKB/Swiss-Prot,lysozyme_general,1.8066951,0.858962,57.792194
Q659U0,MKAPLLLGLLLLSVTVQGKVFERCDLARTLKRLGLAGFKGVSLANWMCLAKWESDYNTKATNYNPGSRSTDYGIFQINSRYWCNDGKTPRAVNSCHIPCSDLLKDDITQAVACAKRVVSDPNGIRAWVAWRAHCENQDVSQYVRNCGV,148,"Lysozyme C (EC 3.2.1.17) (1,4-beta-N-acetylmuramidase C)",UniProtKB/Swiss-Prot,lysozyme_general,2.7891035,0.94208413,57.64875
P67978,MKALTILGLVLLSVTVQGKIFERCELARTLKKLGLDGYKGVSLANWVCLAKWESGYNTEATNYNPGDESTDYGIFQINSRYWCNNGKTPGAVDACHISCSALLQNNIADAVACAKRVVSDPQGIRAWVAWRNHCQNKDVSQYVKGCGV,148,"Lysozyme C (EC 3.2.1.17) (1,4-beta-N-acetylmuramidase C)",UniProtKB/Swiss-Prot,lysozyme_general,1.84264,0.8632607,57.542374
P80189,MKALLILGLLLFSVAVQGKVFERCELARSLKRFGMDNFRGISLANWMCLARWESNYNTQATNYNAGDQSTDYGIFQINSHWWCNDGKTPGAVNACHLPCGALLQDDITQAVACAKRVVSDPQGIRAWVAWRSHCQNQDLTSYIQGCGV,148,"Lysozyme C, non-stomach isozyme (EC 3.2.1.17) (1,4-beta-N-acetylmuramidase C)",UniProtKB/Swiss-Prot,lysozyme_general,1.0226818,0.7354947,57.454758
P12069,MKTLLVLALLLLSVSVQAKVYDRCEFARILKKSGMDGYRGVSLANWVCLAKWESNFNTKATNYNPGSQSTDYGIFQINSRYWCNDGKTPKAVNACHISCKVLLDDDLSQDIECAKRVVRDPQGIKAWVAWKAHCQNKDVSQYIRGCKL,148,"Lysozyme C-3 (EC 3.2.1.17) (1,4-beta-N-acetylmuramidase C)",UniProtKB/Swiss-Prot,lysozyme_general,1.8973223,0.86958814,57.37867
Q06284,MKALIILGFLFLSVAVQGKVFERCELARTLKKLGLDGYKGVSLANWLCLTKWESSYNTKATNYNPSSESTDYGIFQINSKWWCNDGKTPNAVDGCHVSCSELMENDIAKAVACAKHIVSEQGITAWVAWKSHCRDHDVSSYVQGCTL,147,"Lysozyme C-3 (EC 3.2.1.17) (1,4-beta-N-acetylmuramidase C)",UniProtKB/Swiss-Prot,lysozyme_general,2.3900468,0.9160651,57.27821
P17607,MKALIILGLLCLSVAVQGKVFERCELARTLKELGLDGYKGVSLANWLCLTKWESSYNTKATNYNPGSESTDYGIFQINSKWWCNDGKTPNAVDGCHVSCSELMENNIAKAVACAKHIVSEQGITAWVAWKSHCRDHDVSSYVEGCSL,147,"Lysozyme C-1 (EC 3.2.1.17) (1,4-beta-N-acetylmuramidase C)",UniProtKB/Swiss-Prot,lysozyme_general,2.7535667,0.9401145,57.235794
P16973,KIYERCELARTLKKLGLDGYKGVSLANWMCLAKWESSYNTRATNYNPGDKSTDYGIFQINSRYWCNDGKTPRAVNACHIPCSDLLKDDITQAVACAKRVVSDPQGIRAWVAWRNHCQNQDLTPYIRGCGV,130,"Lysozyme C (EC 3.2.1.17) (1,4-beta-N-acetylmuramidase C)",UniProtKB/Swiss-Prot,lysozyme_general,4.981545,0.9931833,57.16984
