seq_id,sequence,length,source_db,family_tag,description,entry_name,organism,gene_names
P61626,MKALIVLGLVLLSVTVQGKVFERCELARTLKRLGMDGYRGISLANWMCLAKWESGYNTRATNYNAGDRSTDYGIFQINSRYWCNDGKTPGAVNACHLSCSALLQDNIADAVACAKRVVRDPQGIRAWVAWRNRCQNRDVRQYVQGCGV,148,UniProtKB/Swiss-Prot,lysozyme_general,"Lysozyme C (EC 3.2.1.17) (1,4-beta-N-acetylmuramidase C)",LYSC_HUMAN,Homo sapiens (Human),LYZ LZM
P08905,MKTLLTLGLLLLSVTAQAKVYERCEFARTLKRNGMAGYYGVSLADWVCLAQHESNYNTRATNYNRGDQSTDYGIFQINSRYWCNDGKTPRAVNACGINCSALLQDDITAAIQCAKRVVRDPQGIRAWVAWRAHCQNRDLSQYIRNCGV,148,UniProtKB/Swiss-Prot,lysozyme_general,"Lysozyme C-2 (EC 3.2.1.17) (1,4-beta-N-acetylmuramidase C) (Lysozyme C type M)",LYZ2_MOUSE,Mus musculus (Mouse),Lyz2 Lyz Lyzs
P17897,MKALLTLGLLLLSVTAQAKVYNRCELARILKRNGMDGYRGVKLADWVCLAQHESNYNTRATNYNRGDRSTDYGIFQINSRYWCNDGKTPRSKNACGINCSALLQDDITAAIQCAKRVVRDPQGIRAWVAWRTQCQNRDLSQYIRNCGV,148,UniProtKB/Swiss-Prot,lysozyme_general,"Lysozyme C-1 (EC 3.2.1.17) (1,4-beta-N-acetylmuramidase C) (Lysozyme C type P)",LYZ1_MOUSE,Mus musculus (Mouse),Lyz1 Lzp-s
Q8T1G4,MRIAFFLLVLAVIIGFAYGYSCPKPCYGNMCCSTSPNNQYYLTDFCGSTSACGPVPSCSGALYFTADSQRFGCGKYLNLCRSGKCVKAQIYDAGPAMWVEQDAGMMIIDASPTICHVLTGGSSCGWSDHFLITATVTSLTDSRPLGPFNVTESEMAQLFIDHEIAMAQCEAEKTCNGFDLE,181,UniProtKB/Swiss-Prot,lysozyme_general,"Lysozyme A (EC 3.2.1.n3) (1,4-beta-N-acetylmuramidase A)",LYSA_DICDI,Dictyostelium discoideum (Social amoeba),alyA DDB_G0275123
P04421,MKALVILGFLFLSVAVQGKVFERCELARTLKKLGLDGYKGVSLANWLCLTKWESSYNTKATNYNPSSESTDYGIFQINSKWWCNDGKTPNAVDGCHVSCRELMENDIAKAVACAKHIVSEQGITAWVAWKSHCRDHDVSSYVEGCTL,147,UniProtKB/Swiss-Prot,lysozyme_general,"Lysozyme C (EC 3.2.1.17) (1,4-beta-N-acetylmuramidase C)",LYSC_BOVIN,Bos taurus (Bovine),LYZ1
O76357,MFVKSLVFLTIAVAYASADCLHCICMRESGCKPIGCNMDVGSLSCGYYQIKLPYYEDCGQPTKKSGETTEAAWKRCANDLSCATTCVENYYNRYKSQCAGTGQGACEVMARNHNGGPQGCKHSGTLGYWNGIKSCCGCS,139,UniProtKB/Swiss-Prot,lysozyme_general,"Invertebrate-type lysozyme 3 (EC 3.2.1.17) (1,4-beta-N-acetylmuramidase)",ILYS3_CAEEL,Caenorhabditis elegans,ilys-3 C45G7.3
P00697,MKALLVLGFLLLSASVQAKIYERCQFARTLKRNGMSGYYGVSLADWVCLAQHESNYNTQARNYNPGDQSTDYGIFQINSRYWCNDGKTPRAKNACGIPCSALLQDDITQAIQCAKRVVRDPQGIRAWVAWQRHCKNRDLSGYIRNCGV,148,UniProtKB/Swiss-Prot,lysozyme_general,"Lysozyme C-1 (EC 3.2.1.17) (1,4-beta-N-acetylmuramidase C)",LYSC1_RAT,Rattus norvegicus (Rat),Lyz1 Lyz
P83673,MNGLILFCAVVFATAVCTYGSDAPCLRAGGRCQHDSITCSGRYRTGLCSGGVRRRCCVPSSSNSGSFSTGMVSQQCLRCICNVESGCRPIGCHWDVNSDSCGYFQIKRAYWIDCGSPGGDWQTCANNLACSSRCVQAYMARYHRRSGCSNSCESFARIHNGGPRGCRNSNTEGYWRRVQAQGCN,184,UniProtKB/Swiss-Prot,lysozyme_general,"Lysozyme 1 (EC 3.2.1.17) (1,4-beta-N-acetylmuramidase 1) (Invertebrate-type lysozyme 1) (cv-lysozyme 1)",LYS1_CRAVI,Crassostrea virginica (Eastern oyster),lysoz1 lysoz
Q1XG90,MNFLILFCVVASASVVYSSISDQCLRCICEVESGCRAIGCHWDVYSNSCGYFQIKQGYWTDCGSPGHSMESCADNYNCASGCVRSYMDHYIKYNGCADTCESYARMHNGGPNGCKSSHHHATDNYWRLVQAKGCS,135,UniProtKB/Swiss-Prot,lysozyme_general,"Lysozyme 2 (EC 3.2.1.17) (1,4-beta-N-acetylmuramidase 2) (Invertebrate-type lysozyme 2) (cv-lysozyme 2)",LYS2_CRAVI,Crassostrea virginica (Eastern oyster),lysoz2
B3A003,MNGLFLFCVATTAALAYGSDAPCTNSGGVCQDDHLACHNGHYQSGLCTGGAHRRCCLTSASHTGSFSTGIVSQQCLQCICNVESGCKAIGCHFDVNSDSCGYFQIKEGYWHDCGSPGSSWRSCANDLACASKCVQAYMSRYIGFSGCSHSCESYARIHNGGPAGCKHTNTLGYWSHVHAQGCSHNSK,187,UniProtKB/Swiss-Prot,lysozyme_general,"Lysozyme 3 (EC 3.2.1.17) (1,4-beta-N-acetylmuramidase 3) (Invertebrate-type lysozyme 3) (cv-lysozyme 3)",LYS3_CRAVI,Crassostrea virginica (Eastern oyster),lysoz3
P86383,FAGGIVSQRCLSCICKMESGCRNVGCKMDMGSLSCGYFQIKEAYWIDCGRPGSSWKSCAASSYCASLCVQNYMKRYAKWAGCPLRCEGFAREHNGGPRGCKKGSTIGYWNRLQKISGCHGVQ,122,UniProtKB/Swiss-Prot,lysozyme_general,"Lysozyme (EC 3.2.1.17) (1,4-beta-N-acetylmuramidase) (Invertebrate-type lysozyme)",LYS_MERLU,Meretrix lusoria (Hard clam) (Common Orient clam),
P11941,MRAVVVLLLVAVASAKVYDRCELARALKASGMDGYAGNSLPNWVCLSKWESSYNTQATNRNTDGSTDYGIFQINSRYWCDDGRTPGAKNVCGIRCSQLLTADLTVAIRCAKRVVLDPNGIGAWVAWRLHCQNQDLRSYVAGCGV,144,UniProtKB/Swiss-Prot,lysozyme_general,"Lysozyme C II (EC 3.2.1.17) (1,4-beta-N-acetylmuramidase C) (Lysozyme type II)",LYSC2_ONCMY,Oncorhynchus mykiss (Rainbow trout) (Salmo gairdneri),
P00701,MRSLLVLVLCFLPLAALGKVYGRCELAAAMKRHGLDKYQGYSLGNWVCAAKFESNFNTQATNRNTDGSTDYGILQINSRWWCNDGRTPGSRNLCNIPCSALLSSDITASVNCAKKIVSDVHGMNAWVAWRNRCKGTDVNAWIRGCRL,147,UniProtKB/Swiss-Prot,lysozyme_general,"Lysozyme C (EC 3.2.1.17) (1,4-beta-N-acetylmuramidase C)",LYSC_COTJA,Coturnix japonica (Japanese quail) (Coturnix coturnix japonica),LYZ
P00702,MRSLLILVLCFLPLAAPGKVYGRCELAAAMKRMGLDNYRGYSLGNWVCAAKFESNFNTGATNRNTDGSTDYGILQINSRWWCNDGRTPGSKNLCHIPCSALLSSDITASVNCAKKIVSDGNGMNAWVAWRKHCKGTDVNVWIRGCRL,147,UniProtKB/Swiss-Prot,lysozyme_general,"Lysozyme C (EC 3.2.1.17) (1,4-beta-N-acetylmuramidase C)",LYSC_PHACO,Phasianus colchicus colchicus (Black-necked pheasant),LYZ
P00703,MRSLLILVLCFLPLAALGKVYGRCELAAAMKRLGLDNYRGYSLGNWVCAAKFESNFNTHATNRNTDGSTDYGILQINSRWWCNDGRTPGSKNLCNIPCSALLSSDITASVNCAKKIASGGNGMNAWVAWRNRCKGTDVHAWIRGCRL,147,UniProtKB/Swiss-Prot,lysozyme_general,"Lysozyme C (EC 3.2.1.17) (1,4-beta-N-acetylmuramidase C)",LYSC_MELGA,Meleagris gallopavo (Wild turkey),LYZ
P17607,MKALIILGLLCLSVAVQGKVFERCELARTLKELGLDGYKGVSLANWLCLTKWESSYNTKATNYNPGSESTDYGIFQINSKWWCNDGKTPNAVDGCHVSCSELMENNIAKAVACAKHIVSEQGITAWVAWKSHCRDHDVSSYVEGCSL,147,UniProtKB/Swiss-Prot,lysozyme_general,"Lysozyme C-1 (EC 3.2.1.17) (1,4-beta-N-acetylmuramidase C)",LYSC1_SHEEP,Ovis aries (Sheep),
P00705,MKALLTLVFCLLPLAAQGKVYSRCELAAAMKRLGLDNYRGYSLGNWVCAANYESGFNTQATNRNTDGSTDYGILQINSRWWCDNGKTPRSKNACGIPCSVLLRSDITEAVRCAKRIVSDGDGMNAWVAWRNRCRGTDVSKWIRGCRL,147,UniProtKB/Swiss-Prot,lysozyme_general,"Lysozyme C-1 (EC 3.2.1.17) (1,4-beta-N-acetylmuramidase C)",LYSC1_ANAPL,Anas platyrhynchos (Mallard) (Anas boschas),
Q8IU26,METVSVEEGLDFAPGMVSQKCLLCMCKLESGGCKPIGCRMDVGSLSCGYFQIKQPYWIDCGKPGKDWKSCSNDINCSSKCVQQYMKRYATHYRCPLNCEGFAREHNGGPNGCHSSRTLKYWELLQKIPGCKGVKFS,136,UniProtKB/Swiss-Prot,lysozyme_general,"Invertebrate-type lysozyme (EC 3.2.1.17) (1,4-beta-N-acetylmuramidase) (Destabilase)",LYS_RUDPH,Ruditapes philippinarum (Japanese carpet shell) (Venerupis philippinarum),
Q86SG7,MLSSVVFWGLIALIGTSRGSYPFSHSMKPHLHPRLYHGCYGDIMTMKTSGATCDANSVMNCGIRGSEMFAEMDLRAIKPYQTLIKEVGQRHCVDPAVIAAIISRESHGGSVLQDGWDHRGLKFGLMQLDKQTYHPVGAWDSKEHLSQATGILTERIKAIQKKFPTWSVAQHLKGGLSAFKSGIEAIATPSDIDNDFVNDIIARAKFYKRQSF,212,UniProtKB/Swiss-Prot,lysozyme_general,Lysozyme g-like protein 2 (EC 3.2.1.-),LYG2_HUMAN,Homo sapiens (Human),LYG2 LYGH
P00698,MRSLLILVLCFLPLAALGKVFGRCELAAAMKRHGLDNYRGYSLGNWVCAAKFESNFNTQATNRNTDGSTDYGILQINSRWWCNDGRTPGSRNLCNIPCSALLSSDITASVNCAKKIVSDGNGMNAWVAWRNRCKGTDVQAWIRGCRL,147,UniProtKB/Swiss-Prot,lysozyme_general,"Lysozyme C (EC 3.2.1.17) (1,4-beta-N-acetylmuramidase C) (Allergen Gal d IV) (allergen Gal d 4)",LYSC_CHICK,Gallus gallus (Chicken),LYZ
P37161,MRALLGICVLALVTPAVLGRTMDRCSLAREMANMGVSRDQLSKWACIAEHESSYRTGVVGPPNTDGSNDYGIFQINDMYWCQPSSGKFSHNGCDVSCNALLTDDIKSSVRCALKVLGQQGWSAWSTWHYCSGYLPPIDDCFV,142,UniProtKB/Swiss-Prot,lysozyme_general,"Lysozyme X (EC 3.2.1.17) (1,4-beta-N-acetylmuramidase X)",LYSX_DROME,Drosophila melanogaster (Fruit fly),LysX CG9120
P83972,MKAFIVLVALACAAPAFGRTMDRCSLAREMSNLGVPRDQLARWACIAEHESSYRTGVVGPENYNGSNDYGIFQINDYYWCAPPSGRFSYNECGLSCNALLTDDITHSVRCAQKVLSQQGWSAWSTWHYCSGWLPSIDDCF,140,UniProtKB/Swiss-Prot,lysozyme_general,"Lysozyme D (EC 3.2.1.17) (1,4-beta-N-acetylmuramidase D)",LYSD_DROME,Drosophila melanogaster (Fruit fly),LysD CG9118
P37159,MKAFIVLVALAMAAPALGRTLDRCSLAREMSNLGVPRDQLARWACIAEHESSYRTGVVGPENYNGSNDYGIFQINNYYWCAPPSGRFSYNECGLSCNALLTDDITHSVRCAQKVLSQQGWSAWSTWHYCSGWLPSIDGCF,140,UniProtKB/Swiss-Prot,lysozyme_general,"Lysozyme E (EC 3.2.1.17) (1,4-beta-N-acetylmuramidase E)",LYSE_DROME,Drosophila melanogaster (Fruit fly),LysE CG1180
P29615,MKAFLVICALTLTAVATQARTMDRCSLAREMSKLGVPRDQLAKWTCIAQHESSFRTGVVGPANSNGSNDYGIFQINNKYWCKPADGRFSYNECGLSCNALLTDDITNSVKCARKIQRQQGWTAWSTWKYCSGSLPSINSCF,141,UniProtKB/Swiss-Prot,lysozyme_general,"Lysozyme P (EC 3.2.1.17) (1,4-beta-N-acetylmuramidase P)",LYSP_DROME,Drosophila melanogaster (Fruit fly),LysP CG9116
Q06284,MKALIILGFLFLSVAVQGKVFERCELARTLKKLGLDGYKGVSLANWLCLTKWESSYNTKATNYNPSSESTDYGIFQINSKWWCNDGKTPNAVDGCHVSCSELMENDIAKAVACAKHIVSEQGITAWVAWKSHCRDHDVSSYVQGCTL,147,UniProtKB/Swiss-Prot,lysozyme_general,"Lysozyme C-3 (EC 3.2.1.17) (1,4-beta-N-acetylmuramidase C)",LYSC3_BOVIN,Bos taurus (Bovine),LYZ3
Q06285,MKALIILGFLFLSVAVQGKVFERCELARTLKKLGLDGYKGVSLANWLCLTKWESSYNTKATNYNPGSESTDYGIFQINSKWWCNDGKTPNAVDGCHVSCSELMENDIAKAVACAKQIVSEQGITAWVAWKSHCRDHDVSSYVEGCTL,147,UniProtKB/Swiss-Prot,lysozyme_general,"Lysozyme C-1 (EC 3.2.1.17) (1,4-beta-N-acetylmuramidase C)",LYSC1_BOVIN,Bos taurus (Bovine),LYZ1
Q06283,MKALVILGFLFLSVAVQGKVFERCELARTLKKLGLDGYKGVSLANWLCLTKWESSYNTKATNYNPSSESTDYGIFQINSKWWCNDGKTPNAVDGCHVSCSELMENDIAKAVACAKHIVSEQGITAWVAWKSHCRDHDVSSYVEGCTL,147,UniProtKB/Swiss-Prot,lysozyme_general,"Lysozyme C-2 (EC 3.2.1.17) (1,4-beta-N-acetylmuramidase C)",LYSC2_BOVIN,Bos taurus (Bovine),LYZ2
O76358,MFVKAILLLSIAVAYASADCLHCICMRESGCKPIGCHMDVGSLSCGYYQIKIPYYEDCGQPGKKHGESTEVAWKRCADDLKCATNCVENYYNRYKHECAGTGQGACEVMARNHNGGPRGCHASGTLGYWKGVHSCCGCS,139,UniProtKB/Swiss-Prot,lysozyme_general,"Invertebrate-type lysozyme 2 (EC 3.2.1.17) (1,4-beta-N-acetylmuramidase)",ILYS2_CAEEL,Caenorhabditis elegans,ilys-2 C45G7.2
Q05820,MKALLVLGFLLLSASVQAKVFKHCELARILRSSALAGYRGVSLENWMCMAQHESNFDTEAINYNSTDQSTDYGIFQINSRYWCNDGKTPRAVNACGIPCSALLQDDITQAIQCAKRVVRDPQGIRAWVAWQRHCQNRDLSGYIRNCGV,148,UniProtKB/Swiss-Prot,lysozyme_general,"Putative lysozyme C-2 (EC 3.2.1.17) (1,4-beta-N-acetylmuramidase C)",LYSC2_RAT,Rattus norvegicus (Rat),Lyz2
Q27996,MKALLILGLLLLSVAVQGKTFKRCELAKTLKNLGLAGYKGVSLANWMCLAKGESNYNTQAKNYNPGSKSTDYGIFQINSKWWCNDGKTPKAVNGCGVSCSALLKDDITQAVACAKKIVSQQGITAWVAWKNKCRNRDLTSYVKGCGV,147,UniProtKB/Swiss-Prot,lysozyme_general,"Lysozyme C, tracheal isozyme (EC 3.2.1.17) (1,4-beta-N-acetylmuramidase C)",LYSCT_BOVIN,Bos taurus (Bovine),
Q7LZQ1,GKIYEQCELAREFKRHGMDGYHGYSLGDWVCTAKHESNFNTAATNYNRGDQSTDYGILQINSRWWCNDGKTPKAKNACGIECSELLKADITAAVNCAKRIVRDPNGMGAWVAWTKYCKGKDVSQWIKGCKL,131,UniProtKB/Swiss-Prot,lysozyme_general,"Lysozyme C (EC 3.2.1.17) (1,4-beta-N-acetylmuramidase C) (Softshell turtle lysozyme C) (SSTL)",LYSC_PELSI,Pelodiscus sinensis (Chinese softshell turtle) (Trionyx sinensis),LYZ
P00721,TVQGFDISSYQPSVNFAGAYSAGARFVIIKATEGTSYTNPSFSSQYNGATTATGNYFIRGGYHFAHPGETTGAAQADYFIAHGGGWSGDGITLPGMLDLESEGSNPACWGLSAASMVAWIKAFSDRYHAVTGRYPMLYTNPSWWSSCTGNSNAFVNTNPLVLANRYASAPGTIPGGWPYQTIWQNSDAYAYGGSNNFINGSIDNLKKLATG,211,UniProtKB/Swiss-Prot,lysozyme_general,"N,O-diacetylmuramidase (EC 3.2.1.17) (Lysozyme CH)",LYS_CHASP,Chalaropsis sp,
P85345,KIYEQCEAAREMKRLGLDGYDGYSLGDWVCTAKHESNFNTGATNYNRGDQSTDYGIFQINSRWWCNDGKTPNAKNACGIECSELLKADITAAVICAKRVVRDPNGMGAWVAWTKYCKGKDVSQWIKGCKL,130,UniProtKB/Swiss-Prot,lysozyme_general,"Lysozyme C (EC 3.2.1.17) (1,4-beta-N-acetylmuramidase C) (Asiatic softshell turtle lysozyme C) (ASTL)",LYSC_AMYCA,Amyda cartilaginea (Asiatic softshell turtle),LYZ
P48816,MQKLIIFALVVLCVGSEAKTFTRCGLVHELRKHGFEENLMRNWVCLVEHESSRDTSKTNTNRNGSKDYGLFQINDRYWCSKGASPGKDCNVKCSDLLTDDITKAAKCAKKIYKRHRFDAWYGWKNHCQGSLPDISSC,137,UniProtKB/Swiss-Prot,lysozyme_general,"Lysozyme (EC 3.2.1.17) (1,4-beta-N-acetylmuramidase)",LYS_BOMMO,Bombyx mori (Silk moth),
P05105,MTKYVILLAVLAFALHCDAKRFTRCGLVQELRRLGFDETLMSNWVCLVENESGRFTDKIGKVNKNGSRDYGLFQINDKYWCSKGTTPGKDCNVTCNQLLTDDISVAATCAKKIYKRHKFDAWYGWKNHCQHGLPDISDC,139,UniProtKB/Swiss-Prot,lysozyme_general,"Lysozyme (EC 3.2.1.17) (1,4-beta-N-acetylmuramidase)",LYS_HYACE,Hyalophora cecropia (Cecropia moth) (Samia cecropia),
P24533,KVYGRCELAAAMKRLGLDNYRGYSLGNWVCAAKFESNFNTHATNRNTDGSTDYGILQINSRWWCNDGRTPGSRNLCHISCSALLSSDITASVNCAKKIVSDRNGMNAWVAWRNRCKGTDVNAWIRGCRL,129,UniProtKB/Swiss-Prot,lysozyme_general,"Lysozyme C (EC 3.2.1.17) (1,4-beta-N-acetylmuramidase)",LYSC_SYRRE,Syrmaticus reevesii (Reeves's pheasant) (Phasianus reevesii),LYZ
P24364,KVYGRCELAAAMKRLGLDNYRGYSLGNWVCAAKYESNFNTHATNRNTDGSTDYGILQINSRWWCNDGKTPGSRNLCHIPCSALLSSDITASVNCAKKIVSDGNGMNAWVAWRNRCKGTDVSVWTRGCRL,129,UniProtKB/Swiss-Prot,lysozyme_general,"Lysozyme C (EC 3.2.1.17) (1,4-beta-N-acetylmuramidase)",LYSC_LOPLE,Lophura leucomelanos (Kalij pheasant),LYZ
P19849,KVYGRCELAAAMKRLGLDNYRGYSLGNWVCAAKFESNFNTHATNRNTDGSTDYGILQINSRWWCNDGRTPGSRNLCNIPCSALLSSDITASVNCAKKIVSDRNGMNAWVAWRNRCKGTDVHAWIRGCRL,129,UniProtKB/Swiss-Prot,lysozyme_general,"Lysozyme C (EC 3.2.1.17) (1,4-beta-N-acetylmuramidase)",LYSC_PAVCR,Pavo cristatus (Indian peafowl) (Blue peafowl),LYZ
Q27650,MFALFLCIALASAKLGIDVSQPTSTSSFTCLRNKGFTTMVIVRAWKSTGSFDTNAPQTLKNANAAGFSIENSDVYYYPCISCGNMAGQVRTFWQKVGQYSLKVKRVWFDIEGTWTSSVSTNQNYLMQMMNEARAIGIVHGIYGSKYYWGNLFGSSYKYAYASSTPLWYPHYDNSPSFSDFSSFGGWTSPSMKQYRGDVSVCSAGVDYNYKP,211,UniProtKB/Swiss-Prot,lysozyme_general,"Lysozyme 1 (EC 3.2.1.17) (1,4-beta-N-acetylmuramidase)",LYS1_ENTH1,Entamoeba histolytica (strain ATCC 30459 / HM-1:IMSS / ABRM),LYS1 EHI_199110
C1IIX1,MRVLPLALLVGLLAVSDAKVLGKCEFARLLETRYNLSRNDIKNWVCIAEFESSFNTAATNRNRNRSTDYGIFQINNKYWCGSDYGKNVCGIPCSDLMSDDITAALRCAETVRRATERYRGRGKGYTAWVAYNSKCKKRDLDQYMAECWSRGSNSIFPF,158,UniProtKB/Swiss-Prot,lysozyme_general,"Lysozyme C (EC 3.2.1.17) (1,4-beta-N-acetylmuramidase C)",LYSC_PENME,Penaeus merguiensis (Banana prawn) (Fenneropenaeus merguiensis),
P00700,KVFGRCELAAAMKRHGLDNYRGYSLGNWVCAAKFESNFNSQATNRNTDGSTDYGVLQINSRWWCNDGKTPGSRNLCNIPCSALLSSDITATVNCAKKIVSDGNGMNAWVAWRNRCKGTDVQAWIRGCRL,129,UniProtKB/Swiss-Prot,lysozyme_general,"Lysozyme C (EC 3.2.1.17) (1,4-beta-N-acetylmuramidase C)",LYSC_COLVI,Colinus virginianus (Northern bobwhite) (Tetrao virginianus),LYZ
P00707,KIYKRCELAAAMKRYGLDNYRGYSLGNWVCAARYESNYNTQATNRNSNGSTDYGILQINSRWWCNDGRTPGTKNLCHISCSALMGADIAPSVRCAKRIVSDGDGMNAWVAWRKHCKGTDVSTWIKDCKL,129,UniProtKB/Swiss-Prot,lysozyme_general,"Lysozyme C (EC 3.2.1.17) (1,4-beta-N-acetylmuramidase C)",LYSC_ORTVE,Ortalis vetula (Plain chachalaca) (Penelope vetula),LYZ
P61629,MKAVIILGLVLLSVTVQGKIFERCELARTLKRLGLDGYRGISLANWVCLAKWESDYNTQATNYNPGDQSTDYGIFQINSHYWCNNGKTPGAVNACHISCNALLQDNIADAVTCAKRVVSDPQGIRAWVAWRNHCQNRDVSQYVQGCGV,148,UniProtKB/Swiss-Prot,lysozyme_general,"Lysozyme C (EC 3.2.1.17) (1,4-beta-N-acetylmuramidase C)",LYSC_PAPAN,Papio anubis (Olive baboon),LYZ LZM
P61631,MKALIILGLVLLSVTVQGKIFERCELARTLKKLGLDGYKGVSLANWVCLAKWESGYNTDATNYNPGDESTDYGIFQINSRYWCNNGKTPGAVNACHISCNALLQNNIADAVACAKRVVSDPQGIRAWVAWKKHCQNRDVSQYVEGCGV,148,UniProtKB/Swiss-Prot,lysozyme_general,"Lysozyme C (EC 3.2.1.17) (1,4-beta-N-acetylmuramidase C)",LYSC_COLAN,Colobus angolensis (Angolan colobus),LYZ LZM
P61632,MKALIILGLVLLSVTVQGKIFERCELARTLKKLGLDGYKGVSLANWVCLAKWESGYNTDATNYNPGDESTDYGIFQINSRYWCNNGKTPGAVNACHISCNALLQNNIADAVACAKRVVSDPQGIRAWVAWKKHCQNRDVSQYVEGCGV,148,UniProtKB/Swiss-Prot,lysozyme_general,"Lysozyme C (EC 3.2.1.17) (1,4-beta-N-acetylmuramidase C)",LYSC_COLGU,Colobus guereza (Mantled guereza) (Eastern black-and-white colobus monkey),LYZ LZM
P61634,MKAVIILGLVLLSVTVQGKIFERCELARTLKRLGLDGYRGISLANWVCLAKWESGYNTQATNYNPGDQSTDYGIFQINSHYWCNNGKTPGAVNACHISCNALLQDNIADAVTCAKRVVRDPQGIRAWVAWRNHCQNRDVSQYVQGCGV,148,UniProtKB/Swiss-Prot,lysozyme_general,"Lysozyme C (EC 3.2.1.17) (1,4-beta-N-acetylmuramidase C)",LYSC_ERYPA,Erythrocebus patas (Red guenon) (Cercopithecus patas),LYZ LZM
P67978,MKALTILGLVLLSVTVQGKIFERCELARTLKKLGLDGYKGVSLANWVCLAKWESGYNTEATNYNPGDESTDYGIFQINSRYWCNNGKTPGAVDACHISCSALLQNNIADAVACAKRVVSDPQGIRAWVAWRNHCQNKDVSQYVKGCGV,148,UniProtKB/Swiss-Prot,lysozyme_general,"Lysozyme C (EC 3.2.1.17) (1,4-beta-N-acetylmuramidase C)",LYSC_TRAVT,Trachypithecus vetulus (Purple-faced langur) (Semnopithecus vetulus),LYZ LZM
P67980,MRALIILGLVLLSVTVQGKIFERCELARTLKKLGLDGYKGVSLANWVCLAKWESGYNTEATNYNPGDESTDYGIFQINSRYWCNNGKTPGAVDACHISCSALLQNNIADAVACAKRVVSDPQGIRAWVAWRNHCQNKDVSQYVKGCGV,148,UniProtKB/Swiss-Prot,lysozyme_general,"Lysozyme C (EC 3.2.1.17) (1,4-beta-N-acetylmuramidase C)",LYSC_TRAFR,Trachypithecus francoisi (Francois' leaf monkey) (Presbytis francoisi),LYZ LZM
P79294,MKVLVILGLVLLSVMVQGKVFERCELARTLKRLGMDGYRGISLANWMCLAKWESDYNTRATNYNPGDQSTDYGIFQINSHYWCNNGRTPGAVNACHISCNALLQDDITQAVACAKRVVRDPQGIRAWVAWKAHCQNRDVSQYVQGCGV,148,UniProtKB/Swiss-Prot,lysozyme_general,"Lysozyme C (EC 3.2.1.17) (1,4-beta-N-acetylmuramidase C)",LYSC_SAISC,Saimiri sciureus (Common squirrel monkey),LYZ LZM
P79847,MKALIILGLVLLSVTVQGKIFERCELARTLKKLGLDGYKGVSLANWVCLAKWESGYNTEATNYNPGDESTDYGIFQINSRYWCNNGKTPGAVDACHISCSALLQNNIADAVACAKRVVSDPQGVRAWVAWRNHCQNKDVSQYVKGCGV,148,UniProtKB/Swiss-Prot,lysozyme_general,"Lysozyme C (EC 3.2.1.17) (1,4-beta-N-acetylmuramidase C)",LYSC_PYGNE,Pygathrix nemaeus (Red-shanked douc langur) (Simia nemaeus),LYZ LZM
Q91159,MLFFGFLLAFLSAVPGTEGEIIPRCELVKILREHGFEGFEGTTIADWICLVQHESDYNTEAYNNNGPSRDYGIFQINSKYWCNDGKTSGAVDGCHISCSELMTNDLEDDIKCAKKIARDAHGLTPWYGWKNHCEGRDLSSYVKGC,145,UniProtKB/Swiss-Prot,lysozyme_general,"Lysozyme C (EC 3.2.1.17) (1,4-beta-N-acetylmuramidase C)",LYSC_OPIHO,Opisthocomus hoazin (Hoatzin) (Phasianus hoazin),LYZ
G3XDT7,MKFFLILGFCLLPLIAQGKVFQRCELAAAMKKHGLSNYRGYSLGHWVCAAKYESNFNTAAINRNRDGSSDYGILQINSRWWCNDGRTSGAKNLCKISCSALLSSDITASVNCAKRVVSDKNGMNAWVAWRNHCKGRDVSQWIRGCRV,147,UniProtKB/Swiss-Prot,lysozyme_general,"Lysozyme C (EC 3.2.1.17) (1,4-beta-N-acetylmuramidase C)",LYSC_DRONO,Dromaius novaehollandiae (Emu),
P16973,KIYERCELARTLKKLGLDGYKGVSLANWMCLAKWESSYNTRATNYNPGDKSTDYGIFQINSRYWCNDGKTPRAVNACHIPCSDLLKDDITQAVACAKRVVSDPQGIRAWVAWRNHCQNQDLTPYIRGCGV,130,UniProtKB/Swiss-Prot,lysozyme_general,"Lysozyme C (EC 3.2.1.17) (1,4-beta-N-acetylmuramidase C)",LYSC_RABIT,Oryctolagus cuniculus (Rabbit),LYZ
P61627,MKALIVLGLVLLSVTVQGKVFERCELARTLKRLGMDGYRGISLANWMCLAKWESGYNTRATNYNAGDRSTDYGIFQINSRYWCNDGKTPGAVNACHLSCSALLQDNIADAVACAKRVVRDPQGIRAWVAWRNRCQNRDVRQYVQGCGV,148,UniProtKB/Swiss-Prot,lysozyme_general,"Lysozyme C (EC 3.2.1.17) (1,4-beta-N-acetylmuramidase C)",LYSC_PANPA,Pan paniscus (Pygmy chimpanzee) (Bonobo),LYZ LZM
P67977,MKALTILGLVLLSVTVQGKIFERCELARTLKKLGLDGYKGVSLANWVCLAKWESGYNTEATNYNPGDESTDYGIFQINSRYWCNNGKTPGAVDACHISCSALLQNNIADAVACAKRVVSDPQGIRAWVAWRNHCQNKDVSQYVKGCGV,148,UniProtKB/Swiss-Prot,lysozyme_general,"Lysozyme C (EC 3.2.1.17) (1,4-beta-N-acetylmuramidase C)",LYSC_SEMEN,Semnopithecus entellus (Northern plains gray langur) (Presbytis entellus),LYZ LZM
P79179,MKALIVLGLVLLSVMVQGKVFERCELARTLKRLGMDGYRGISLANWMCLAKWESGYNTRATNYNAGDRSTDYGIFQINSRYWCNDGKTPGAVNACHLSCSALLQDNIADAVACAKRVVRDPQGIRAWVAWRNRCQNRDVRQYVQGCGV,148,UniProtKB/Swiss-Prot,lysozyme_general,"Lysozyme C (EC 3.2.1.17) (1,4-beta-N-acetylmuramidase C)",LYSC_GORGO,Gorilla gorilla gorilla (Western lowland gorilla),LYZ LZM
P79811,MKALIILGLVLLSVTVQGKIFERCELARTLKKLGLDGYKGVSLANWVCLAKWESGYNTEATNYNPGDESTDYGIFQINSRYWCNNGKTPGAVDACHISCSALLQNNIADAVACAKRVVSDPQGIRAWVAWRNHCQNRDVSQYVKGCGV,148,UniProtKB/Swiss-Prot,lysozyme_general,"Lysozyme C (EC 3.2.1.17) (1,4-beta-N-acetylmuramidase C)",LYSC_NASLA,Nasalis larvatus (Proboscis monkey),LYZ LZM
P00699,KVFGRCELAAAMKRHGLDNYRGYSLGNWVCAAKFESNFNSQATNRNTDGSTDYGVLQINSRWWCNDGRTPGSRNLCNIPCSALLSSDITATVNCAKKIVSDGNGMNAWVAWRNRCKGTDVHAWIRGCRL,129,UniProtKB/Swiss-Prot,lysozyme_general,"Lysozyme C (EC 3.2.1.17) (1,4-beta-N-acetylmuramidase C)",LYSC_CALCC,Callipepla californica (California quail) (Lophortyx californica),LYZ
P00706,KVYERCELAAAMKRLGLDNYRGYSLGNWVCAANYESSFNTQATNRNTDGSTDYGILEINSRWWCDNGKTPRAKNACGIPCSVLLRSDITEAVKCAKRIVSDGDGMNAWVAWRNRCKGTDVSRWIRGCRL,129,UniProtKB/Swiss-Prot,lysozyme_general,"Lysozyme C-3 (EC 3.2.1.17) (1,4-beta-N-acetylmuramidase)",LYSC3_ANAPL,Anas platyrhynchos (Mallard) (Anas boschas),
P00708,KDIPRCELVKILRRHGFEGFVGKTVANWVCLVKHESGYRTTAFNNNGPNSRDYGIFQINSKYWCNDGKTRGSKNACNINCSKLRDDNIADDIQCAKKIAREARGLTPWVAWKKYCQGKDLSSYVRGC,127,UniProtKB/Swiss-Prot,lysozyme_general,"Lysozyme C (EC 3.2.1.17) (1,4-beta-N-acetylmuramidase C)",LYSC_COLLI,Columba livia (Rock dove),LYZ
P11375,KVFSKCELAHKLKAQEMDGFGGYSLANWVCMAEYESNFNTRAFNGKNANGSYDYGLFQLNSKWWCKDNKRSSSNACNIMCSKLLDDNIDDDISCAKRVVRDPKGMSAWKAWVKHCKDKDLSEYLASCNL,129,UniProtKB/Swiss-Prot,lysozyme_general,"Lysozyme C (EC 3.2.1.17) (1,4-beta-N-acetylmuramidase C)",LYSC_EQUAS,Equus asinus (Donkey) (Equus africanus asinus),LYZ
P51782,MKVLLLLGFIFCSMAAHGKRMERCEFARRIKQLHLDGYHQISLANWVCLAQWESGFDTKATNYNPGDQSTDYGILQINSHYWCDDGKTPHAANECKVRCSELQEDDLVKAVNCAKKIVDQQGIRAWVAWRNKCEGKDLSKYLEGCHL,147,UniProtKB/Swiss-Prot,lysozyme_general,"Lysozyme C (EC 3.2.1.17) (1,4-beta-N-acetylmuramidase C)",LYSC_TRIVU,Trichosurus vulpecula (Brush-tailed possum),LYZ
P79268,MKVLILLGLVLLSVMVQGKVFERCELARTLKRLGLDGYRGISLANWMCLAKWESDYNTRATNYNPGDQSTDYGIFQINSHYWCNNGRTPGAVNACHISCNALLQDDITEAVACAKRVVRDPQGIRAWVAWKAHCQNRDVSQYIQGCGV,148,UniProtKB/Swiss-Prot,lysozyme_general,"Lysozyme C (EC 3.2.1.17) (1,4-beta-N-acetylmuramidase C)",LYSC_SAGOE,Saguinus oedipus (Cotton-top tamarin) (Oedipomidas oedipus),LYZ LZM
P79687,MKAVIILGLVLLSVTVQGKIFERCELARTLKRLGLDGYRGISLANWVCLAKWESDYNTQATNYNPGDQSTDYGIFQINSHYWCNNGKTPGAVNACRISCNALLQDNIADAVTCAKRVVRDPQGIRAWVAWRNHCQNRDVSQYVQGCGV,148,UniProtKB/Swiss-Prot,lysozyme_general,"Lysozyme C (EC 3.2.1.17) (1,4-beta-N-acetylmuramidase C)",LYSC_ALLNI,Allenopithecus nigroviridis (Allen's swamp monkey) (Cercopithecus nigroviridis),LYZ LZM
P79806,MKAVIILGLVLLSVTVQGKIFERCELARTLKRLGLDGYRGISLANWVCLAKWESDYNTQATNYNPGDQSTDYGIFQINSHYWCNNGKTPGAVNACHISCNALLQDNIADAVTCAKRVVRDPQGIRAWVAWRNHCHNRDVSQYVQGCGV,148,UniProtKB/Swiss-Prot,lysozyme_general,"Lysozyme C (EC 3.2.1.17) (1,4-beta-N-acetylmuramidase C)",LYSC_MIOTA,Miopithecus talapoin (Angolan talapoin) (Cercopithecus talapoin),LYZ LZM
P00704,KVFGRCELAAAMKRHGLDNYRGYSLGNWVCAAKFESNFNSQATNRNTDGSTDYGVLQINSRWWCNDGRTPGSRNLCNIPCSALQSSDITATANCAKKIVSDGNGMNAWVAWRKHCKGTDVRVWIKGCRL,129,UniProtKB/Swiss-Prot,lysozyme_general,"Lysozyme C (EC 3.2.1.17) (1,4-beta-N-acetylmuramidase C)",LYSC_NUMME,Numida meleagris (Helmeted guineafowl) (Phasianus meleagris),LYZ
P22910,KVYGRCELAAAMKRLGLDNYRGYSLGNWVCAAKFESNFNTHATNRNTDGSTDYGILQINSRWWCNDGRTPGSRNLCHIPCSALLSSDITASVNCAKKIVSDGNGMNAWVAWRNRCKGTDVNAWTRGCRL,129,UniProtKB/Swiss-Prot,lysozyme_general,"Lysozyme C (EC 3.2.1.17) (1,4-beta-N-acetylmuramidase C)",LYSC_CHRAM,Chrysolophus amherstiae (Lady Amherst's pheasant) (Phasianus amherstiae),LYZ
P30201,MKAVIILGLVLLSVTVQGKIFERCELARTLKRLGLDGYRGISLANWVCLAKWESNYNTQATNYNPGDQSTDYGIFQINSHYWCNNGKTPGAVNACHISCNALLQDNIADAVTCAKRVVSDPQGIRAWVAWRNHCQNRDVSQYVQGCGV,148,UniProtKB/Swiss-Prot,lysozyme_general,"Lysozyme C (EC 3.2.1.17) (1,4-beta-N-acetylmuramidase C)",LYSC_MACMU,Macaca mulatta (Rhesus macaque),LYZ
P61630,MKAVIILGLVLLSVTVQGKIFERCELARTLKRLGLDGYRGISLANWVCLAKWESDYNTQATNYNPGDQSTDYGIFQINSHYWCNNGKTPGAVNACHISCNALLQDNIADAVTCAKRVVSDPQGIRAWVAWRNHCQNRDVSQYVQGCGV,148,UniProtKB/Swiss-Prot,lysozyme_general,"Lysozyme C (EC 3.2.1.17) (1,4-beta-N-acetylmuramidase C)",LYSC_CERAT,Cercocebus atys (Sooty mangabey) (Cercocebus torquatus atys),LYZ LZM
P67979,MRALIILGLVLLSVTVQGKIFERCELARTLKKLGLDGYKGVSLANWVCLAKWESGYNTEATNYNPGDESTDYGIFQINSRYWCNNGKTPGAVDACHISCSALLQNNIADAVACAKRVVSDPQGIRAWVAWRNHCQNKDVSQYVKGCGV,148,UniProtKB/Swiss-Prot,lysozyme_general,"Lysozyme C (EC 3.2.1.17) (1,4-beta-N-acetylmuramidase C)",LYSC_TRAOB,Trachypithecus obscurus (Dusky leaf-monkey) (Presbytis obscura),LYZ LZM
P61628,MKALIVLGLVLLSVTVQGKVFERCELARTLKRLGMDGYRGISLANWMCLAKWESGYNTRATNYNAGDRSTDYGIFQINSRYWCNDGKTPGAVNACHLSCSALLQDNIADAVACAKRVVRDPQGIRAWVAWRNRCQNRDVRQYVQGCGV,148,UniProtKB/Swiss-Prot,lysozyme_general,"Lysozyme C (EC 3.2.1.17) (1,4-beta-N-acetylmuramidase C)",LYSC_PANTR,Pan troglodytes (Chimpanzee),LYZ LZM
P79158,MKVLIILGLVLLSVMVQGKVFERCELARTLKRFGLDGYRGISLANWMCLAKWESDYNTRATNYNPGDQSTDYGIFQINSHYWCNNGRTPGAVNACHISCNALLQDDITEAVACAKRVVRDPQGIRAWVAWKAHCQNRDVSQYVQGCGV,148,UniProtKB/Swiss-Prot,lysozyme_general,"Lysozyme C (EC 3.2.1.17) (1,4-beta-N-acetylmuramidase C)",LYSC_CALJA,Callithrix jacchus (White-tufted-ear marmoset) (Simia Jacchus),LYZ LZM
P79180,MKALIILGLVLLSVMVQAKVFERCELARTLKRLGMDGYRGISLANWMCLAKWESGYNTRATNYNPGDRSTDYGIFQINSRYWCNDGKTPGAVNACHLSCNALLQDNIADAVACAKRVVRDPQGIRAWVAWRNRCQNRDLRQYIQGCGV,148,UniProtKB/Swiss-Prot,lysozyme_general,"Lysozyme C (EC 3.2.1.17) (1,4-beta-N-acetylmuramidase C)",LYSC_HYLLA,Hylobates lar (Lar gibbon) (White-handed gibbon),LYZ LZM
P79239,MKALIILGLVLLSVTVQSKVFERCELARTLKRLGMDGYRGISLANWMCLAKWESGYNTRATNYNPGDRSTDYGIFQINSRYWCNDGKTPGAVNACHLSCSALLQDNIADAVACAKRVVRDPQGIRAWVAWRNRCQNRDVRQYVQGCGV,148,UniProtKB/Swiss-Prot,lysozyme_general,"Lysozyme C (EC 3.2.1.17) (1,4-beta-N-acetylmuramidase C)",LYSC_PONPY,Pongo pygmaeus (Bornean orangutan),LYZ LZM
P12069,MKTLLVLALLLLSVSVQAKVYDRCEFARILKKSGMDGYRGVSLANWVCLAKWESNFNTKATNYNPGSQSTDYGIFQINSRYWCNDGKTPKAVNACHISCKVLLDDDLSQDIECAKRVVRDPQGIKAWVAWKAHCQNKDVSQYIRGCKL,148,UniProtKB/Swiss-Prot,lysozyme_general,"Lysozyme C-3 (EC 3.2.1.17) (1,4-beta-N-acetylmuramidase C)",LYSC3_PIG,Sus scrofa (Pig),
P12067,KVYDRCEFARILKKSGMDGYRGVSLANWVCLAKWESDFNTKAINRNVGSTDYGIFQINSRYWCNDGKTPKAVNACHISCKVLLDDDLSQDIECAKRVVRDPQGIKAWVAWRTHCQNKDVSQYIRGCKL,128,UniProtKB/Swiss-Prot,lysozyme_general,"Lysozyme C-1 (EC 3.2.1.17) (1,4-beta-N-acetylmuramidase C)",LYSC1_PIG,Sus scrofa (Pig),
Q9TUN1,MKALVILGLLFLSVAVQGKVFERCELARTLKKLGLDDYKGVSLANWLCLSKWESGYNTKATNYNPGSESTDYGIFQINSKWWCNDGKTPNAVDGCHVSCSALMENDIEKAVACAKHIVSEQGITAWVAWKSHCRVHDVSSYVEGCKL,147,UniProtKB/Swiss-Prot,lysozyme_general,"Lysozyme C-3 (EC 3.2.1.17) (1,4-beta-N-acetylmuramidase C)",LYSC3_SHEEP,Ovis aries (Sheep),
P37156,KILKKQELCKNLVAQGMNGYQHITLPNWVCTAFHESSYNTRATNHNTDGSTDYGILQINSRYWCHDGKTPGSKNACNISCSKLLDDDITDDLKCAKKIAGEAKGLTPWVAWKSKCRGHDLSKFKC,125,UniProtKB/Swiss-Prot,lysozyme_general,"Lysozyme C I (EC 3.2.1.17) (1,4-beta-N-acetylmuramidase C)",LYSC1_TACAC,Tachyglossus aculeatus aculeatus (Southeast Australian short-beaked echidna),
P12068,MKTLLVLALLLLSVSVQAKVYDRCEFARILKKSGMDGYRGVSLANWVCLAKWESDFNTKAINHNVGSTDYGIFQINSRYWCNDGKTPKAVNACHISCKVLLDDDLSQDIECAKRVVRDPLGVKAWVAWRAHCQNKDVSQYIRGCKL,146,UniProtKB/Swiss-Prot,lysozyme_general,"Lysozyme C-2 (EC 3.2.1.17) (1,4-beta-N-acetylmuramidase C)",LYSC2_PIG,Sus scrofa (Pig),
P80190,KVFERCELARTLKRFGMDGFRGISLANWMCLARWESSYNTQATNYNSGDRSTDYGIFQINSHWWCNDGKTPGAVNACHIPCSALLQDDITQAVACAKRVVSDPQGIRAWVAWRSHCQNQDLTSYIQGCGV,130,UniProtKB/Swiss-Prot,lysozyme_general,"Lysozyme C, kidney isozyme (EC 3.2.1.17) (1,4-beta-N-acetylmuramidase C)",LYSCK_SHEEP,Ovis aries (Sheep),
P11376,KVFSKCELAHKLKAQEMDGFGGYSLANWVCMAEYESNFNTRAFNGKNANGSSDYGLFQLNNKWWCKDNKRSSSNACNIMCSKLLDENIDDDISCAKRVVRDPKGMSAWKAWVKHCKDKDLSEYLASCNL,129,UniProtKB/Swiss-Prot,lysozyme_general,"Lysozyme C, milk isozyme (EC 3.2.1.17) (1,4-beta-N-acetylmuramidase C)",LYSC1_HORSE,Equus caballus (Horse),LYZ
P12066,KVFERCELARTLKELGLDGYKGVSLANWLCLTKWESSYNTKATNYNPGSESTDYGIFQINSKWWCDDGKTPNAVDGCHVACSELMENNIDKAVTCAKQIVREQGITAWVAWKSHCRGHDVSSYVEGCTL,129,UniProtKB/Swiss-Prot,lysozyme_general,"Lysozyme C-1/C-2 (EC 3.2.1.17) (1,4-beta-N-acetylmuramidase C)",LYSC_AXIAX,Axis axis (Axis deer) (Chital),
Q8N1E2,MSALWLLLGLLALMDLSESSNWGCYGNIQSLDTPGASCGIGRRHGLNYCGVRASERLAEIDMPYLLKYQPMMQTIGQKYCMDPAVIAGVLSRKSPGDKILVNMGDRTSMVQDPGSQAPTSWISESQVSQTTEVLTTRIKEIQRRFPTWTPDQYLRGGLCAYSGGAGYVRSSQDLSCDFCNDVLARAKYLKRHGF,194,UniProtKB/Swiss-Prot,lysozyme_general,Lysozyme g-like protein 1 (EC 3.2.1.-),LYG1_HUMAN,Homo sapiens (Human),LYG1 UNQ1939/PRO4422
Q3V1I0,MVPSVVFWGLIALVGTAKGSYTHSVHSMNPHVHPRLYHGCYGDIMTMETFGAPCDINNLMNCGIHGSEMFAEMDLKAIKPYRILIKEVGQRHCIDPALIAAIISRESHGGAVLQNGWDHKGQRFGLMQLDKNMYHPIGSWDSKEHLLQSVGILTERIKAMKRKFPTWNTAQQLKGGLTAFKSGMETIVTPADIDGDLVDDVLARAKFYKRHGF,213,UniProtKB/Swiss-Prot,lysozyme_general,Lysozyme g-like protein 2 (EC 3.2.1.-),LYG2_MOUSE,Mus musculus (Mouse),Lyg2 Gm776
P37160,MKAFFALVLLAIAAPALAGRTLDRCSLAREMADLGVPRDQLDKWTCIAQHESDYRTWVVGPANSDGSNDYGIFQINDLYWCQADGRFSYNECGLSCNALLTDDITNSVRCAQKVLSQQGWSAWAVWHYCSGWLPSIDECF,140,UniProtKB/Swiss-Prot,lysozyme_general,"Lysozyme S (EC 3.2.1.17) (1,4-beta-N-acetylmuramidase S)",LYSS_DROME,Drosophila melanogaster (Fruit fly),LysS CG1165
Q08694,MKAFIVLVALALAAPALGRTMDRCSLAREMSNLGVPRDQLARWACIAEHESSYRTGVVGPENYNGSNDYGIFQINDYYWCAPPSGRFSYNECGLSCNALLTDDITHSVRCAQKVLSQQGWSAWSTWHYCSGWLPSIDDCF,140,UniProtKB/Swiss-Prot,lysozyme_general,"Lysozyme B (EC 3.2.1.17) (1,4-beta-N-acetylmuramidase B)",LYSB_DROME,Drosophila melanogaster (Fruit fly),LysB CG1179
Q8T1G5,MRIAFFLLILSIIVGLAYGYSCPKPCYGNMCCSTSPDHKYYLTDFCGSTSACGPKPSCSGKLYFTADSQRFGCGKHLNLCRGKKCVKAKVYDAGPAEWVEKDAGKMIIDASPTICHELTGGSSCGWSDKFEITATVTSLTDSRPLGPFNVTEEEMDQLFIDHEIAMAQCEAEKTCNGFDLE,181,UniProtKB/Swiss-Prot,lysozyme_general,"Lysozyme C (EC 3.2.1.17) (1,4-beta-N-acetylmuramidase C)",LYSC_DICDI,Dictyostelium discoideum (Social amoeba),alyC DDB_G0275121
Q8T1G6,MRISFFLLILAVIIGYAYGYSCPKPCYGNMCCSTSPGNKYYLTDFCGSTSACGPVPSCSGALYFTADSQRFGCGKHLNLCRGSKCVKAQIYDAGPAMWVEQDAGMMIIDASPTICHVLTGGSSCGWSDKFEITATVTSLTDSRPLGPFNVTEEEKAQLFIDHEIAMAQCEAEKTCNGFDLE,181,UniProtKB/Swiss-Prot,lysozyme_general,"Lysozyme B (EC 3.2.1.17) (1,4-beta-N-acetylmuramidase B)",LYSB_DICDI,Dictyostelium discoideum (Social amoeba),alyB DDB_G0275119
O02119,MFVKLCGILAFAVTYASSDCLQCICKKESECKPVGCNDDVGSLSCGYYQIKLSYYKDCGQPGKRAGESVEAAWRRCSDELDCASTCVQSYYNRYKKQCAGTGQGACEIMARNHNGGPRGCKKSATLGYWNGIKGLGCS,138,UniProtKB/Swiss-Prot,lysozyme_general,"Invertebrate-type lysozyme 6 (EC 3.2.1.17) (1,4-beta-N-acetylmuramidase)",ILYS6_CAEEL,Caenorhabditis elegans,ilys-6 W03D2.7
Q6B411,MKALLIVGLLLLSVAVQGKKFQRCELARTLKKLGLDGYRGVSLANWVCLARWESNYNTRATNYNRGDKSTDYGIFQINSRWWCNDGKTPKAVNACRIPCSALLKDDITQAVACAKRVVRDPQGIKAWVAWRNKCQNRDLRSYVQGCRV,148,UniProtKB/Swiss-Prot,lysozyme_general,"Lysozyme C, milk isozyme (EC 3.2.1.17) (1,4-beta-N-acetylmuramidase C)",LYSM_BOVIN,Bos taurus (Bovine),
Q6B410,MKAVLILGLLLLSVTVQGKKFEKCELARTLRRYGLDGYKGVSLANWMCLTYGESRYNTRVTNYNPGSKSTDYGIFQINSKWWCNDGKTPKAVNGCGVSCSAMLKDDITQAVACAKTIVSRQGITAWVAWKNKCRNRDVSSYIRGCKL,147,UniProtKB/Swiss-Prot,lysozyme_general,"Lysozyme C, intestinal isozyme (EC 3.2.1.17) (1,4-beta-N-acetylmuramidase C)",LYSI_BOVIN,Bos taurus (Bovine),
P80189,MKALLILGLLLFSVAVQGKVFERCELARSLKRFGMDNFRGISLANWMCLARWESNYNTQATNYNAGDQSTDYGIFQINSHWWCNDGKTPGAVNACHLPCGALLQDDITQAVACAKRVVSDPQGIRAWVAWRSHCQNQDLTSYIQGCGV,148,UniProtKB/Swiss-Prot,lysozyme_general,"Lysozyme C, non-stomach isozyme (EC 3.2.1.17) (1,4-beta-N-acetylmuramidase C)",LYSCN_BOVIN,Bos taurus (Bovine),LYS LZ
Q54BL8,MRFIISLLFVFTLIFNLAFSHIGIDVSSGTNESGFECFKQKKYSRAIIRCYESIGSIDTNCKPSIENAKKAGIETIDVYLFPCYDCGNPENQVTTTSHYLKDYLKDLDFLWLDIEGPGQYWSGSYDNNKKFIQGLLDSAKTAGFKHVGIYTSESQWPGIVGSWDGGKDYPIWYANYDGAENFNDFSPFNGWTKPHMKQYAGNINECGLGIDKNYWE,216,UniProtKB/Swiss-Prot,lysozyme_general,"Probable GH family 25 lysozyme 5 (EC 3.2.1.17) (1,4-beta-N-acetylmuramidase 5)",LYSG5_DICDI,Dictyostelium discoideum (Social amoeba),DDB_G0293566
Q86KC1,MRFIALLISFFALLKVISAISGVDISSASTIESFTCLKSAGYDFAIIRAYESLGQVDPNGPHSVYNARDAGIEYVDVYMFPCPTCGNGAGQAETMVNYLKGYNANYGMVWLDIEGPQYWMSQSENVAFFESLVAGLKAEGAHIGVYTSASQWEPIMGGYTGGSEFPLWYAHYDGNPSFSDFSPFNGWSTPSVKQYDDTGDSCGLGFDLNWYP,212,UniProtKB/Swiss-Prot,lysozyme_general,"Probable GH family 25 lysozyme 2 (EC 3.2.1.17) (1,4-beta-N-acetylmuramidase 2)",LYSG2_DICDI,Dictyostelium discoideum (Social amoeba),DDB_G0274181
Q6L6Q5,MSAVLVLALVLLSLTCVTDAISDACLTCICKQESYGCTQIGCRMDGRSLSCGYFQIKKSYWIDCGRLGSSWEACADDYNCAVRCVRAYMKKYIGKSGCTANCKNYARLHNGGPKGCTKPSTLTYWNAVKNQGCSINS,137,UniProtKB/Swiss-Prot,lysozyme_general,"Lysozyme (EC 3.2.1.17) (1,4-beta-N-acetylmuramidase) (Invertebrate-type lysozyme)",LYS_OSTED,Ostrea edulis (Native oyster) (European flat oyster),lysoz
Q6L6Q6,MQRLLGSIVILATVFTFCEATISSACLRCICNVESGCRPIGCHYDVYSYSCGYFQIKENYWEDCGKPGTSFKACANDYTCASNCVRAYMKRYIGSSGCPANCESYARIHNGGPRGCRHPSTLRYWEKVHQQGCNVNS,137,UniProtKB/Swiss-Prot,lysozyme_general,"Lysozyme (EC 3.2.1.17) (1,4-beta-N-acetylmuramidase) (Invertebrate-type lysozyme)",LYS_MAGGI,Magallana gigas (Pacific oyster) (Crassostrea gigas),lysoz
Q54BQ8,MRLFLLLITFIALFGAINAFSGVDISQGSSVGDFQCMLNQGFEFAIIRGYMETGQVDPEVVNSIACAREAGVEYVDTYLFPCFNCGNPQDQGPALVNYLSGYNANYGMVWLDIESSDWSGDQSANVAFFEGLISGLQSVGAHIGVYTSASQWIPIMGGYTGGSEFPLWYANWDGVQSFDDFSAFGGWSTPAIKQYNDGGSNCGVGYDFNWYPN,213,UniProtKB/Swiss-Prot,lysozyme_general,"Probable GH family 25 lysozyme 4 (EC 3.2.1.17) (1,4-beta-N-acetylmuramidase 4)",LYSG4_DICDI,Dictyostelium discoideum (Social amoeba),DDB_G0293492
D9J142,MKFFIVLLAALALFTPAFGKTFTRCSLAKEVYALGVPKSELPQWTCIAEHGSSYRTNVVGPTNSNGSNDYGIFQINNYYWCQPANGRFSYNECKLSCNDLLTDNISNSVKCARKIKSQQGWTAWSTWKYCSGSLPSINDCF,141,UniProtKB/Swiss-Prot,lysozyme_general,Inactive lysozyme 1A,LYS1A_LUCSE,Lucilia sericata (Green bottle fly) (Phaenicia sericata),
Q7LZR3,QTGCYGVVNRIDTTGASCETAKPEKLNYCGVAASRKIAEGDLQSMDRYKTLIKKVGQKLCVDPAVIAGIISRESHAGKALKDGWGDNGNGFGLMQVDKRSHTPVGKWNGERHLTQGTEILISMIKKIQKKFPRWTKEQQLKGGISAYNAGSGNVRTYERMDIGTTHNDYANDVVARAQYYKQHGY,185,UniProtKB/Swiss-Prot,lysozyme_general,"Lysozyme g (EC 3.2.1.17) (1,4-beta-N-acetylmuramidase) (Goose-type lysozyme)",LYG_CASCA,Casuarius casuarius (Southern cassowary) (Struthio casuarius),
P00717,RTDCYGNVNRIDTTGASCKTAKPEGLSYCGVPASKTIAERDLKAMDRYKTIIKKVGEKLCVEPAVIAGIISRESHAGKVLKNGWGDRGNGFGLMQVDKRSHKPQGTWNGEVHITQGTTILTDFIKRIQKKFPSWTKDQQLKGGISAYNAGAGNVRSYARMDIGTTHDDYANDVVARAQYYKQHGY,185,UniProtKB/Swiss-Prot,lysozyme_general,"Lysozyme g (EC 3.2.1.17) (1,4-beta-N-acetylmuramidase) (Goose-type lysozyme)",LYG_CYGAT,Cygnus atratus (Black swan) (Anas atrata),
P27042,MLGKNDPMCLVLVLLGLTALLGICQGGTGCYGSVSRIDTTGASCRTAKPEGLSYCGVRASRTIAERDLGSMNKYKVLIKRVGEALCIEPAVIAGIISRESHAGKILKNGWGDRGNGFGLMQVDKRYHKIEGTWNGEAHIRQGTRILIDMVKKIQRKFPRWTRDQQLKGGISAYNAGVGNVRSYERMDIGTLHDDYSNDVVARAQYFKQHGY,211,UniProtKB/Swiss-Prot,lysozyme_general,"Lysozyme g (EC 3.2.1.17) (1,4-beta-N-acetylmuramidase) (Goose-type lysozyme)",LYG_CHICK,Gallus gallus (Chicken),
P00718,RTDCYGNVNRIDTTGASCKTAKPEGLSYCGVSASKKIAERDLQAMDRYKTIIKKVGEKLCVEPAVIAGIISRESHAGKVLKNGWGDRGNGFGLMQVDKRSHKPQGTWNGEVHITQGTTILINFIKTIQKKFPSWTKDQQLKGGISAYNAGAGNVRSYARMDIGTTHDDYANDVVARAQYYKQHGY,185,UniProtKB/Swiss-Prot,lysozyme_general,"Lysozyme g (EC 3.2.1.17) (1,4-beta-N-acetylmuramidase) (Goose-type lysozyme)",LYG_ANSAN,Anser anser anser (Western greylag goose),
P00719,MHLMLVLLGLAALLGTSQSRTGCYGDVNRVDTTGASCKSAKPEKLNYCGVAASRKIAERDLQSMDRYKALIKKVGQKLCVDPAVIAGIISRESHAGKALRNGWGDNGNGFGLMQVDRRSHKPVGEWNGERHLMQGTEILISMIKAIQKKFPRWTKEQQLKGGISAYNAGPGNVRSYERMDIGTTHDDYANDVVARAQYYKQHGY,204,UniProtKB/Swiss-Prot,lysozyme_general,"Lysozyme g (EC 3.2.1.17) (1,4-beta-N-acetylmuramidase) (Goose-type lysozyme)",LYG_STRCA,Struthio camelus (Common ostrich),
D4ANU4,MKLSLLTVAAAAGAAVAAPAAEIDTRAGSVQGFDISGYQPNVDFRAAYNGGARFVMIKATEGTTFKSSTFNSQYTGATNNKFIRGGYHFAHPDTSATAQCDYFLANGGGWSNDGITLPGMIDLEGTSGKPKCYGLSASAMIAWIKAFSDRYNAKTGRYPMIYTSPDWWQSCTGNTKTFGTTIPLVLARWASSPGTPPGGWPYHTFWQNADTYRFGGDSEIFNGGMDQLQRFAKGG,235,UniProtKB/Swiss-Prot,lysozyme_general,"N,O-diacetylmuramidase (EC 3.2.1.17) (Lysozyme CH)",LYS_ARTBC,Arthroderma benhamiae (strain ATCC MYA-4681 / CBS 112371) (Trichophyton mentagrophytes),ARB_05911
P50718,MQKLRVFLLALAALCISCEAKYFATNCELVHELRRQGFPEDKMRDWVCLIQNESGRNTSKMGTINKNGSRDYGLFQINDKYWCSKTSTPGKDCNVTCAEMLLDDITKASKCAKKIYKRHKFQAWYGWRNHCQGTLPDISKC,141,UniProtKB/Swiss-Prot,lysozyme_general,"Lysozyme (EC 3.2.1.17) (1,4-beta-N-acetylmuramidase)",LYS_TRINI,Trichoplusia ni (Cabbage looper),
Q7SID7,KRFTRCGLVNELRKQGFDENLMRDWVCLVENESARYTDKIANVNKNGSRDYGLFQINDKYWCSKGSTPGKDCNVTCSQLLTDDITVASTCAKKIYKRTKFDAWSGWDNHCNHSNPDISSC,120,UniProtKB/Swiss-Prot,lysozyme_general,"Lysozyme (EC 3.2.1.17) (1,4-beta-N-acetylmuramidase)",LYS_ANTMY,Antheraea mylitta (Tasar silkworm),
P50717,MQKLAVFLFAIAAVCIHCEAKYYSTRCDLVRELRKQGFPENQMGDWVCLVENESGRKTDKVGPVNKNGSKDYGLFQINDKYWCSNTRTPGKDCNVTCADLLLDDITKASTCAKKIFKRHNFRAWYGWRNHCDGKTLPDTSNC,142,UniProtKB/Swiss-Prot,lysozyme_general,"Lysozyme (EC 3.2.1.17) (1,4-beta-N-acetylmuramidase)",LYS_HYPCU,Hyphantria cunea (Fall webworm moth) (Phalaena cunea),
P37712,KVWERCALARKLKELGMDGYRGVSLANWMCLTKWESDYNTDATNYNPSSESTDYGIFQINSRYWCNNGKTPHAVNGCGINCNVLLEDDITKAVQCAKRVVRDPQGVRAWVAWKNHCEGHDVEQYVEGCDL,130,UniProtKB/Swiss-Prot,lysozyme_general,"Lysozyme C (EC 3.2.1.17) (1,4-beta-N-acetylmuramidase)",LYSC_CAMDR,Camelus dromedarius (Dromedary) (Arabian camel),LYZ
G3XDD8,MHLMLVLLGLAALLGTSQSQTGCYGVVNRIDTTGASCETAKPEKLNYCGVAASRMIAERDLRSMDRYKTLIKKVGQKLCVDPAVIAGIISRESHAGKALKNGWGDNGNGFGLMQVDKRSHTPVGEWNGERHLTQGTEILISMIKKIQKKFPRWTKEQQLKGGISAYNAGSGNVRSYERMDIGTTHNDYANDVVARAQYYKQHGY,204,UniProtKB/Swiss-Prot,lysozyme_general,"Lysozyme G (EC 3.2.1.17) (1,4-beta-N-acetylmuramidase)",LYG_DRONO,Dromaius novaehollandiae (Emu),
Q90VZ3,MSYGQIRLVETSGASGATSQQDNLGYSGVKASHKMAEIDSGRMSKYKSKINKVGQSYGIEPALIAAIISRESRAGNQLKDGWGDWNPQRQAYNAWGLMQVDVNPNGGGHTAVGGWDSEDHLRQATGILVTFIERIRTKFPGWSKEKQLKGGIAAYNMGDKNVHSYEGVDENTTGRDYSNDVTARAQWYRDNGYSG,195,UniProtKB/Swiss-Prot,lysozyme_general,"Lysozyme g (EC 3.2.1.17) (1,4-beta-N-acetylmuramidase)",LYG_PAROL,Paralichthys olivaceus (Bastard halibut) (Hippoglossus olivaceus),
Q7LZT2,KVYGRCELAAAMKRLGLDNYRGYSLGNWVCAAKFESNFNTHATNRNTDGSTDYGILQINSRWWCNDGRTPGSRNLCNIPCSALLSSDITASVNCAKKIVSGGNGMSAWVAWRNRCKGTDVHAWIRGCRL,129,UniProtKB/Swiss-Prot,lysozyme_general,"Lysozyme C (EC 3.2.1.17) (1,4-beta-N-acetylmuramidase)",LYSC_TRATE,Tragopan temminckii (Temminck's tragopan) (Satyra temminckii),LYZ
P49663,GKVYGRCELAAAMKRMGLDNYRGYSLGNWVCAAKFESNFNTGATNRNTDGSTDYGILQINSRWWCNDGRTPGSKNLCHIPCSALLSSDITASVNCAKKIVSDGDGMNAWVAWRKHCKGTDVNVWIRGCRL,130,UniProtKB/Swiss-Prot,lysozyme_general,"Lysozyme C (EC 3.2.1.17) (1,4-beta-N-acetylmuramidase)",LYSC_PHAVE,Phasianus versicolor (Green pheasant),LYZ
Q90X99,MGYGNIMNVETTGASWQTAQQDKLGYSGVRASHTMANTDSGRMERYRSKINSVGAKYGIDPALIAAIISEESRAGNVLHDGWGDYDSNRGAYNAWGLMQVDVNPNGGGHTARGAWDSEEHLSQGAEILVYFIGRIRNKFPGWNTEQQLKGGIAAYNMGDGNVHSYDNVDGRTTGGDYSNDVVARAQWYKTQKGF,194,UniProtKB/Swiss-Prot,lysozyme_general,"Lysozyme g (EC 3.2.1.17) (1,4-beta-N-acetylmuramidase)",LYG_EPICO,Epinephelus coioides (Orange-spotted grouper) (Epinephelus nebulosus),
Q7LZP9,KVYGRCELAAAMKRLGLDNYRGYSLGNWVCAAKFESNFNTHATNRNTDGSTDYGILQINSRWWCNDGRTPGSRNLCNIPCSALLSSDITASVNCAKKIVSDGNGMNAWVAWRNRCKGTDVHAWIRGCRL,129,UniProtKB/Swiss-Prot,lysozyme_general,"Lysozyme C (EC 3.2.1.17) (1,4-beta-N-acetylmuramidase C)",LYSC_LOPIM,Lophophorus impejanus (Himalayan monal pheasant) (Phasianus impejanus),LYZ
P84492,KTYERCELARAMKRLGLDGYWGYSLGHWVCAAKYESNFNTGATNYNPGDQSTDYGILQINSRWWCNDGKTPRTKNACKIQCRELLTADITASVNCAKRVVRDPNGMGAWVAWTKNCKGRDVSPWIRDCGL,130,UniProtKB/Swiss-Prot,lysozyme_general,"Lysozyme C (EC 3.2.1.17) (1,4-beta-N-acetylmuramidase C)",LYSC_CHEMY,Chelonia mydas (Green sea-turtle) (Chelonia agassizi),LYZ
Q7LZQ0,KVYGRCELAAAMKRLGLDNYRGYSLGNWVCAAKFESNFNTHATNRNTDGSTDYGILQINSRWWCNDGRTPGSRNLCNIPCSALLSSDITASVNCAKKIVSDGNGMNAWVAWRNRCKGTDVHAWIRGCRL,129,UniProtKB/Swiss-Prot,lysozyme_general,"Lysozyme C (EC 3.2.1.17) (1,4-beta-N-acetylmuramidase C)",LYSC_CATWA,Catreus wallichii (Cheer pheasant) (Lophophorus wallichii),LYZ
Q7LZQ2,KVYERCELAAAMKRLGLDNYRGYSLGNWVCAAKYESNFNTQATNRNTDGSTDYGILEINSRWWCNDGKTPGAKNVCGIPCSVLLRSDITEAVKCAKRIVSDGNGMNAWVAWRNRCKGTDVSRWIRGCRL,129,UniProtKB/Swiss-Prot,lysozyme_general,"Lysozyme C (EC 3.2.1.17) (1,4-beta-N-acetylmuramidase C)",LYSC_AIXSP,Aix sponsa (Wood duck) (Anas sponsa),LYZ
Q9DD65,MRTLVVLLLVAVANARVYERCEWARLLRNQGMDGYRGISLANWVCLTEWESHYNTRATNHNTDGSTDYGIFQINSRWWCNDSQTPTSNACNIRCSELLTDDVIVAIKCAKRVVRDPNGIGAWVAWRQHCQGQDLSSYLAGCGL,143,UniProtKB/Swiss-Prot,lysozyme_general,"Lysozyme C (EC 3.2.1.17) (1,4-beta-N-acetylmuramidase C)",LYSC_PAROL,Paralichthys olivaceus (Bastard halibut) (Hippoglossus olivaceus),
Q659U5,MKALLLLGLLLLSVTVQGKIFERCDLARTLKRLGLAGFKGVSLANWMCLAKWESNYNTKATNYNPGSRSTDYGIFQINSRYWCNDGKTPRAVNACHIPCSDLLKDDITQAVACAKRVVSDPNGIRAWVAWRAHCENQDVSQYVRNCGV,148,UniProtKB/Swiss-Prot,lysozyme_general,"Lysozyme C (EC 3.2.1.17) (1,4-beta-N-acetylmuramidase C)",LYSC_HALGR,Halichoerus grypus (Gray seal) (Phoca grypus),LYZ
Q7LZI3,KVYGRCELAAAMKRLGLDNYRGYSLGNWVCAAKFESNFNTHATNRNTDGSTDYGILQINSRWWCNDGRTPGSRNLCNIPCSALLSSDITASVNCAKKIVSGGSGMNAWVAWRNRCKGTDVQAWIRGCRL,129,UniProtKB/Swiss-Prot,lysozyme_general,"Lysozyme C (EC 3.2.1.17) (1,4-beta-N-acetylmuramidase C)",LYSC_TRASA,Tragopan satyra (Satyr tragopan) (Meleagris satyra),LYZ
Q9PU28,MRCLLLLLLVPVPGAKVFERCEWARLLKRNGMSNYRGISLADWVCLSQWESSYNTRATNRNTDGSTDYGIFQINSRWWCDNGQTPTSNACGISCSALLTDDVGAAIICAKHVVRDPNGIGAWVAWKRHCQGQDLSSYVAGCGV,143,UniProtKB/Swiss-Prot,lysozyme_general,"Lysozyme C (EC 3.2.1.17) (1,4-beta-N-acetylmuramidase C)",LYSC_SCOMX,Scophthalmus maximus (Turbot) (Psetta maxima),lys
D9J143,MKFINFFVIALMAYANCAWAKTFTRCSLARAMYALGVPKSELARWTCIAKYESHYRTHVVGPANTDGSHDYGIFQINDRYWCKPSNGRSSHNGCNVYCDDLLEDDISESVYCAQHVKSKQGWSAWTTWAKCNGNLPSIDECF,142,UniProtKB/Swiss-Prot,lysozyme_general,"Lysozyme 1B (EC 3.2.1.17) (1,4-beta-N-acetylmuramidase C)",LYS1B_LUCSE,Lucilia sericata (Green bottle fly) (Phaenicia sericata),
Q17005,MKVFSTVLLAIVACCAVAEAKTFGKCELAKALANNGIAKASLPDWVCLVQNESAFSTSATNKNKNGSTDYGIFQINNKYWCDSGYGSNDCKIACKNLLNDDITDDIKCAKLIHKRHGFNAWYGWKNHCNGKKLPNVSSCF,140,UniProtKB/Swiss-Prot,lysozyme_general,"Lysozyme c-1 (EC 3.2.1.17) (1,4-beta-N-acetylmuramidase)",LYSC1_ANOGA,Anopheles gambiae (African malaria mosquito),AGAP007347
Q7LZQ3,KIYTRCELAAAMKRYGLDNYQGYSLGNWVCAARYESNYNTQATNRNSDGSTDYGILQINSRWWCNDGKTPGTRNLCHISCSALMGADIAPSVRCAKKIVSDGNGMNAWVAWRKHCKGTDVSKWIKDCKL,129,UniProtKB/Swiss-Prot,lysozyme_general,"Lysozyme C (EC 3.2.1.17) (1,4-beta-N-acetylmuramidase C)",LYSC_CRAFA,Crax fasciolata (Bare-faced curassow),LYZ
Q7YT16,MKFFIVLVAALALAAPAMGKTFTRCSLAREMYALGVPKSELPQWTCIAEHESSYRTNVVGPTNSNGSNDYGIFQINNYYWCQPSNGRFSYNECHLSCDALLTDNISNSVTCARKIKSQQGWTAWSTWKYCSGSLPSINDCF,141,UniProtKB/Swiss-Prot,lysozyme_general,"Lysozyme 1 (EC 3.2.1.17) (1,4-beta-N-acetylmuramidase 1)",LYS1_MUSDO,Musca domestica (House fly),
C0HLB7,MLKLTLTILAAVLLVTPAFGKVYTRCSLAREMHTLGVPKNQLARWTCIAEHESAYNTKAVGSMNSNGSRDYGIFQINNYYWCSPPSGAFSYNECKIKCADFLVDSIEPAVKCAQLVLRQQGWSAWSTWKYCDHTLPSIDDCF,142,UniProtKB/Swiss-Prot,lysozyme_general,"Lysozyme 2 (EC 3.2.1.17) (1,4-beta-N-acetylmuramidase C)",LYS2_LUCSE,Lucilia sericata (Green bottle fly) (Phaenicia sericata),
P61633,MKAVIILGLVLLSVTVQGKIFERCELARTLKRLGLDGYRGISLANWVCLAKWESGYNTQATNYNPGDQSTDYGIFQINSHYWCNNGKTPGAVNACHISCNALLQDNIADAVTCAKRVVRDPQGIRAWVAWRNHCQNRDVSQYVQGCGV,148,UniProtKB/Swiss-Prot,lysozyme_general,"Lysozyme C (EC 3.2.1.17) (1,4-beta-N-acetylmuramidase C)",LYSC_CHLAE,Chlorocebus aethiops (Green monkey) (Cercopithecus aethiops),LYZ LZM
P61944,MKIPVFLLLLALANAKVFQRCEWARVLKARGMDGYRGISLADWVCLSKWESQYNTNAINHNTDGSTDYGIFQINSRWWCNDDRIPTRNACNIKCSALQTDDVTVAINCAKRVVSDPQGIRAWVAWNRHCQNRDLSAYIAGCGL,143,UniProtKB/Swiss-Prot,lysozyme_general,"Lysozyme C (EC 3.2.1.17) (1,4-beta-N-acetylmuramidase C)",LYSC_TAKRU,Takifugu rubripes (Japanese pufferfish) (Fugu rubripes),
Q659U0,MKAPLLLGLLLLSVTVQGKVFERCDLARTLKRLGLAGFKGVSLANWMCLAKWESDYNTKATNYNPGSRSTDYGIFQINSRYWCNDGKTPRAVNSCHIPCSDLLKDDITQAVACAKRVVSDPNGIRAWVAWRAHCENQDVSQYVRNCGV,148,UniProtKB/Swiss-Prot,lysozyme_general,"Lysozyme C (EC 3.2.1.17) (1,4-beta-N-acetylmuramidase C)",LYSC_LEPWE,Leptonychotes weddellii (Weddell seal) (Otaria weddellii),LYZ
Q659U1,MKALLLLGLLLLSVTVQGKIFERCDLARTLKRLGLAGFKGVSLANWMCLAKWESNYNTKATNYNPGSRSTDYGIFQINSRYWCNDGKTPRAVNACHIPCSDLLKDDITQAVACAKRVVSDPNGIRAWVAWRAHCENQDVSQYVRNCGV,148,UniProtKB/Swiss-Prot,lysozyme_general,"Lysozyme C (EC 3.2.1.17) (1,4-beta-N-acetylmuramidase C)",LYSC_PHOVI,Phoca vitulina (Harbor seal),LYZ
P81711,KVYGRCELAAAMKRLGLDNFRGYSLGNWVCAAKFESNFNTHATNRNTDGSTDYGILQINSRWWCNDGRTPGSRNLCNIPCSALLSSDTIASVNCAKKIVSDGNGMNAWVAWRKRCKGTDVNAWTRGCRL,129,UniProtKB/Swiss-Prot,lysozyme_general,"Lysozyme C (EC 3.2.1.17) (1,4-beta-N-acetylmuramidase C) (CPL)",LYSC_SYRSO,Syrmaticus soemmerringii (Copper pheasant) (Phasianus soemmerringii),LYZ
P37714,KVFERCELARTLKELGLDGYKGVSLANWLCLTKWESSYNTKATNYNPGSESTDYGIFQINSKFWCNDGKTPNAVDGCHVSCSELMENNIAKAVACAKQIVSEQGITAWVAWKSHCRDHDVSSYVEGCTL,129,UniProtKB/Swiss-Prot,lysozyme_general,"Lysozyme C-2 (EC 3.2.1.17) (1,4-beta-N-acetylmuramidase C-2)",LYSC2_CAPHI,Capra hircus (Goat),
P81709,KIFERCELARTLKNLGLAGYKGVSLANWVCLAKWESNYNTRATNYNPGSKSTDYGIFQINSRYWCNDGKTPRAVNACHISCSALLQDDITQAVACAKRVVSDPNGIRAWVAWRAHCENRDVSQYVRNCGV,130,UniProtKB/Swiss-Prot,lysozyme_general,"Lysozyme C, spleen isozyme (EC 3.2.1.17) (1,4-beta-N-acetylmuramidase C)",LYSC2_CANLF,Canis lupus familiaris (Dog) (Canis familiaris),
P81708,KIFSKCELARKLKSMGMDGFHGYSLANWVCMAEYESNFNTQAFNGRNSNGSSDYGIFQLNSKWWCKSNSHSSANACNIMCSKFLDDNIDDDIACAKRVVKDPNGMSAWVAWVKHCKGKDLSKYLASCNL,129,UniProtKB/Swiss-Prot,lysozyme_general,"Lysozyme C, milk isozyme (EC 3.2.1.17) (1,4-beta-N-acetylmuramidase C)",LYSC1_CANLF,Canis lupus familiaris (Dog) (Canis familiaris),
P37713,KVFERCELARTLKKLGLDDYKGVSLANWLCLTKWESGYNTKATNYNPGSESTDYGIFQINSKFWCNDGKTPDAVDGCHVSCSELMENDIEKAVACAKHIVSEQGITAWVAWKSHCRDHDVSSYVEGCTL,129,UniProtKB/Swiss-Prot,lysozyme_general,"Lysozyme C-1 (EC 3.2.1.17) (1,4-beta-N-acetylmuramidase C-1)",LYSC1_CAPHI,Capra hircus (Goat),
Q9D7Q0,MSPLWLLLGLLALTGSSESSSWGCYGNIRTLDTPGASCRIGRRYGLTYCGVRASERLAEVDRPYLLRHQPTMRLVGQKYCMDPAVIAGVLSRESPGGNYVVDLGNIGSGLGMVKETKFYPPTAWKSETWVSQKTQTLTSSIKEIKTRFPTWTADQHLRGGLCAYSKGPNFVRSNQDLNCDFCNDVLARAKYFKDHGF,197,UniProtKB/Swiss-Prot,lysozyme_general,Lysozyme g-like protein 1 (EC 3.2.1.-),LYG1_MOUSE,Mus musculus (Mouse),Lyg1
Q556F2,MVSSIKDMLKYDEGEKLEMYKDTEGYYTIGIGHLITRIKERNAAILSLEEKIGHKVKMDSKNEPIITSSESEALFEKDLSVATKSIESNPTLSTIYKNLDNIRKMAIINMVFQMGVNNVLTFKMSLKLIEEKKWAEAAKEMKNSTWNHQTPNRSNRVISVIETGTLNAYK,170,UniProtKB/Swiss-Prot,lysozyme_general,Probable T4-type lysozyme 1 (EC 3.2.1.17) (Muramidase),LYST1_DICDI,Dictyostelium discoideum (Social amoeba),DDB_G0274831
Q54F36,MFKTLSKSIGFLVAIIALVKGDTYTCSQMQSLAEGYFRGPTLTTMLCISYYESTYNTQAINPTSKAAGLFQILPEHCGELCKTCTTPSDLLNPTINTECAKSILNSQGFKAWTTYASGDCKNWNKCVAPSASTHAASTHGSTGPSTHGSTTHGSTTSTTYTSGASSGLFDFKANNGGGQDMVKYF,185,UniProtKB/Swiss-Prot,lysozyme_general,Lysozyme C-like protein DDB_G0291137,Y1137_DICDI,Dictyostelium discoideum (Social amoeba),lyC2 DDB_G0291137
Q54JC9,MKVSNLISTITIASALCLSLTNALVFSPCDKIQSLVKEYFDETIVDEMMCIAYNEAINPKSDSIGLWNLKKEHCNTVCKSICNSEIDLADIKLNTQCAEMVYLEFGFNGWDSYNNGLCKDSWGFCNTQNELRQHGSHSSTSRDSSSSSSRDSTGTGYSSSGSGTSGSGSNSGQTGHFIPGQSGHGLN,187,UniProtKB/Swiss-Prot,lysozyme_general,Lysozyme C-like protein DDB_G0288143,Y8143_DICDI,Dictyostelium discoideum (Social amoeba),DDB_G0288143
Q86AA1,MVSSLKDMLKYDEGEKLEMYKDTEGNYTIGIGHLITKNKDKNEAIKILEGEIGHTVKLNSKKEPEISSSESESLFEKDKSVAINSIENSSTLSTIYNNLDSNRKMALANMVFQMGASNVSKFKKSLKLIEEKKWAEAAIELKNSTWNTQTPKRSNRVISVFETGTLKEYK,170,UniProtKB/Swiss-Prot,lysozyme_general,Probable T4-type lysozyme 2 (EC 3.2.1.17) (Muramidase),LYST2_DICDI,Dictyostelium discoideum (Social amoeba),DDB_G0274291
P10773,ISPLGSVTKKNQDSTAYNWTGNKTANGNWPVLGICAVHRKKDIGGSGNSPVIPFGTTLKTDKDIWLPDGVGYKSSFNVDDTGSGPKKTDYWIDIYYSKDTKAAINYGVVKLSYTYST,117,UniProtKB/Swiss-Prot,lysozyme_general,B-enzyme (Lysozyme) (EC 3.2.1.17),LYB_BACIU,Bacillus subtilis,lyzB
P82174,KTFTRCELVQALRRQGFDEAKLRDWVCLVENESRGRTDIVGKPNKNGSRDYGLFQINDKYWCSNTSKAGKDCNITCSQLLTDDITVASKCAKKVYKRHNFMAWYGWRNHCQNKPLPDISKC,121,UniProtKB/Swiss-Prot,lysozyme_general,"Lysozyme (EC 3.2.1.17) (1,4-beta-N-acetylmuramidase)",LYS_GALME,Galleria mellonella (Greater wax moth),
P61133,MPYGKIEDIKTSGASDVTAAQDGLKEGGWKSSHRMAEIDSNRMENYRTIINEAGRQCDVDPAVIAGIISRESRAGNQLINGWGDHGKAFGLMQIDVTPPPNGGGHTPVGTWDSLEHLIQATEILVEFIERIKTKFPRWNADQHLKGALAAYNKGEKNVESYASVDAKTTGKDYSNDVVARAQWYKSNMGF,190,UniProtKB/Swiss-Prot,lysozyme_general,"Lysozyme g (EC 3.2.1.17) (1,4-beta-N-acetylmuramidase)",LYG_TAKRU,Takifugu rubripes (Japanese pufferfish) (Fugu rubripes),
Q8JFR1,MAYIYGDTMKIDTTGASEATAKQDKLTIKGVEAPKKLAEHDLARGEKYKNMITKVGKAKKMDPAVIAAMISRESRAGAVLKNGWEPAGNGFGLMQVDKRSHTPVGAWDSEQHVTQATEILIGFIKEIKVNFPKWTQEQCFKGGIAAYNKGVSRVTSYENIDVKTTGLDYSSDVVARAQWFRSKGY,185,UniProtKB/Swiss-Prot,lysozyme_general,"Lysozyme g (EC 3.2.1.17) (1,4-beta-N-acetylmuramidase)",LYG_CYPCA,Cyprinus carpio (Common carp),
